Date,Route,Rating,Notes,URL,Pitches,Location,"Avg Stars","Your Stars",Style,"Lead Style","Route Type","Your Rating",Length,"Rating Code"
2026-07-25,"Cloud Nine",5.9,,https://www.mountainproject.com/route/121426331/cloud-nine,1,"Massachusetts > Western MA > Hanging Mountain > Cloud Buttress",3.6,-1,Lead,Redpoint,Trad,,80,2400
2026-07-25,Transcendentalism,5.11a,,https://www.mountainproject.com/route/121426317/transcendentalism,1,"Massachusetts > Western MA > Hanging Mountain > Cloud Buttress",3.4,-1,Lead,Redpoint,Sport,,70,4600
2026-07-25,"Fever Dreams",5.11d,"Only bring .2-.5, doubles .4-.5. At roof, LH on undercling on roof, RH reach for slot above bolt. Then use good crimps for LH and painful handjam for RH to pull roof. ",https://www.mountainproject.com/route/122295431/fever-dreams,2,"Massachusetts > Western MA > Hanging Mountain > Cloud Buttress",3.3,-1,Lead,Fell/Hung,Trad,,80,5500
2026-07-25,Skywalker,5.12b,"RH handjam immediately right of pinch. After holding sloper, RF far right before bringing LF on good hold. ",https://www.mountainproject.com/route/121426323/skywalker,2,"Massachusetts > Western MA > Hanging Mountain > Cloud Buttress",3.5,-1,Lead,Fell/Hung,Sport,,80,6900
2026-07-19,Indivisible,5.10a,,https://www.mountainproject.com/route/121416195/indivisible,1,"Massachusetts > Western MA > Hanging Mountain > The Grotto",2.9,-1,Lead,Redpoint,Trad,,40,2600
2026-07-19,"Decision Paralysis",5.11d,"At second bolt LH side pull then RH to crimp on dike then high foot, RH aim for good rail right of third bolt. At ledge, LH pinch in crack, RH on sloper, compress and get RF high, then LF on far left foot chip, RH in crack then LH go for good sidepull",https://www.mountainproject.com/route/121500037/decision-paralysis,2,"Massachusetts > Western MA > Hanging Mountain > The Grotto",3.1,-1,Lead,Fell/Hung,Sport,,60,5500
2026-07-19,"Rising Tide",5.10b/c,"Linked to higher ground",https://www.mountainproject.com/route/121415854/rising-tide,1,"Massachusetts > Western MA > Hanging Mountain > The Grotto",3.5,-1,Lead,Redpoint,Sport,,50,3100
2026-07-19,"Higher Ground",5.10b/c,"Can barely lower with 70m to raised trail on the left",https://www.mountainproject.com/route/121465425/higher-ground,1,"Massachusetts > Western MA > Hanging Mountain > The Grotto",3.3,-1,Lead,Onsight,Trad,,80,3100
2026-07-12,Moonlight,5.6,"Hard to protect traverse, could only find black totem placement afterwards",https://www.mountainproject.com/route/105803407/moonlight,2,"New York > The Gunks > The Trapps > h. The Arrow Wall - CCK",3.4,-1,Lead,Onsight,Trad,,230,1600
2026-07-12,Groovy,5.8+,,https://www.mountainproject.com/route/105828999/groovy,1,"New York > The Gunks > The Trapps > i. High E",2.6,3,Lead,Onsight,Trad,,70,2200
2026-07-12,Ursula,5.6,"2nd pitch",https://www.mountainproject.com/route/105840288/ursula,1,"New York > The Gunks > The Trapps > i. High E",2.8,-1,Follow,,Trad,,180,1600
2026-07-12,"High Exposure",5.6,,https://www.mountainproject.com/route/105798994/high-exposure,2,"New York > The Gunks > The Trapps > i. High E",3.8,-1,Lead,,Trad,,250,1600
2026-07-11,"Enduro Man's Longest Hangout","5.11+ R","Hand traverse far left before pulling up, save .75 after sloper traverse",https://www.mountainproject.com/route/107328856/enduro-mans-longest-hangout,1,"New York > The Gunks > The Trapps > i. High E",3.9,-1,Follow,,Trad,,230,5300
2026-07-11,Ridicullissima,"5.10c/d PG13",,https://www.mountainproject.com/route/105888125/ridicullissima,1,"New York > The Gunks > The Trapps > i. High E",3.9,-1,Follow,,Trad,,180,3400
2026-07-11,"Thin Slabs / Thin Slabs Direct",5.7+,"First pitch alternate start",https://www.mountainproject.com/route/105801058/thin-slabs-thin-slabs-direct,1,"New York > The Gunks > The Trapps > g. V3 - Middle Earth",3.1,4,TR,,Trad,,220,1900
2026-07-11,Sente,5.9,,https://www.mountainproject.com/route/105841798/sente,1,"New York > The Gunks > The Trapps > g. V3 - Middle Earth",2.6,-1,Lead,Redpoint,Trad,,90,2400
2026-07-11,Proctoscope,5.9+,"Microcams in thin seam then .4",https://www.mountainproject.com/route/106089673/proctoscope,1,"New York > The Gunks > The Trapps > h. The Arrow Wall - CCK",2.7,-1,Lead,Onsight,Trad,,195,2500
2026-07-11,"Feast of Fools",5.10b,"P2, linked from proctoscope, messed up gear, next time place small nut in seam and black totem in left horizontal ",https://www.mountainproject.com/route/105799568/feast-of-fools,1,"New York > The Gunks > The Trapps > h. The Arrow Wall - CCK",3.6,-1,Lead,Fell/Hung,Trad,,250,2900
2026-07-11,"Feast of Fools",5.10b,"P1, move left after pin, #4 helpful",https://www.mountainproject.com/route/105799568/feast-of-fools,1,"New York > The Gunks > The Trapps > h. The Arrow Wall - CCK",3.6,-1,Lead,Onsight,Trad,,250,2900
2026-07-04,"Just Beechy",5.11d,"Left knee bar when getting LH high to good crimp. Afterwards, move right on good crimps, LH move to slopey crimp, RF high then go for RH undercling",https://www.mountainproject.com/route/124819344/just-beechy,1,"Massachusetts > Western MA > Hanging Mountain > The Beech",2.4,-1,TR,,Sport,,50,5500
2026-07-04,"Fungus Among Us",5.10+,"Get LF high up on good hold before hanging/clipping second draw",https://www.mountainproject.com/route/125111341/fungus-among-us,2,"Massachusetts > Western MA > Hanging Mountain > The Beech",3.0,-1,Lead,Redpoint,Sport,,70,3300
2026-07-04,"Free Ride",5.9,,https://www.mountainproject.com/route/122661094/free-ride,1,"Massachusetts > Western MA > Hanging Mountain > Space Invaders",2.4,-1,Lead,Onsight,Sport,,50,2400
2026-06-30,"Shredded Beef",V4,,https://www.mountainproject.com/route/111437966/shredded-beef,1,"Massachusetts > Eastern, MA > Middlesex Fells > Wright's Park > Slanted Boulder",2.6,-1,Send,,Boulder,,10,20400
2026-06-30,"Hyperion or Southeast Arete",V4,,https://www.mountainproject.com/route/111437883/hyperion-or-southeast-arete,1,"Massachusetts > Eastern, MA > Middlesex Fells > Wright's Park > Slanted Boulder",3.0,-1,Send,,Boulder,,10,20400
2026-06-30,"Meat Hook",V2,,https://www.mountainproject.com/route/111437921/meat-hook,1,"Massachusetts > Eastern, MA > Middlesex Fells > Wright's Park > Slanted Boulder",2.3,-1,Send,,Boulder,,12,20200
2026-06-30,"Unnamed 2",V1+,,https://www.mountainproject.com/route/111438018/unnamed-2,1,"Massachusetts > Eastern, MA > Middlesex Fells > Wright's Park > Slanted Boulder",1.7,-1,Flash,,Boulder,,,20110
2026-06-30,"Shell Head Sit Start",V2,,https://www.mountainproject.com/route/118807682/shell-head-sit-start,1,"Massachusetts > Eastern, MA > Middlesex Fells > Wright's Park > Turtle Shell Boulder",2.1,-1,Flash,,Boulder,,5,20200
2026-06-30,"Turtle Tail Crack",V0,,https://www.mountainproject.com/route/118808060/turtle-tail-crack,1,"Massachusetts > Eastern, MA > Middlesex Fells > Wright's Park > Turtle Shell Boulder",1.8,-1,Flash,,Boulder,,10,20008
2026-06-28,"Tree Hugger",V3-4,,https://www.mountainproject.com/route/106809508/tree-hugger,1,"Connecticut > CT Bouldering > Woodbridge Land Trust, Park Lane > Frankenrock",2.9,-1,Send,,Boulder,,15,20350
2026-06-28,"Animal Crossing",V1-2,,https://www.mountainproject.com/route/118685573/animal-crossing,1,"Connecticut > CT Bouldering > Woodbridge Land Trust, Park Lane > Frankenrock",2.0,-1,Send,,Boulder,,,20150
2026-06-27,"Psycho J",5.12b,"Couldn't reach bouldery start hold from ledge. ",https://www.mountainproject.com/route/107300179/psycho-j,2,"Connecticut > Eastern Coastal Slope > Chatfield Hollow Main Wall",2.9,-1,TR,,Sport,,50,6900
2026-06-27,"Jolt or Not to Bolt (aka Noriega)",5.10d,"Great movement and consistent",https://www.mountainproject.com/route/106283924/jolt-or-not-to-bolt-aka-noriega,1,"Connecticut > Eastern Coastal Slope > Chatfield Hollow Main Wall",2.8,3,TR,,"Trad, TR",,40,3500
2026-06-27,"Don't do it Hank's way",5.6,,https://www.mountainproject.com/route/106283919/dont-do-it-hanks-way,1,"Connecticut > Eastern Coastal Slope > Chatfield Hollow Main Wall",2.1,-1,Follow,,"Trad, TR",,40,1600
2026-06-21,Maria,5.6,"Linked from bottom with Maria direct, about 60-70m",https://www.mountainproject.com/route/105799774/maria,2,"New York > The Gunks > The Trapps > c. Frog's Head - the Arch",3.2,-1,Lead,Onsight,Trad,,220,1600
2026-06-21,"Maria Direct",5.9+,"Can barely clip piton on lead, good hold is 5cm left of piton. Linked into rest of Maria ",https://www.mountainproject.com/route/105828994/maria-direct,1,"New York > The Gunks > The Trapps > c. Frog's Head - the Arch",2.4,-1,Lead,Onsight,Trad,,60,2500
2026-06-21,"Son of Easy O",5.8,,https://www.mountainproject.com/route/105821512/son-of-easy-o,2,"New York > The Gunks > The Trapps > c. Frog's Head - the Arch",3.8,4,Follow,,Trad,,170,2100
2026-06-21,"Strictly From Nowhere",5.7,"Linked into the ceiling, built anchor right below ceiling crux",https://www.mountainproject.com/route/105799704/strictly-from-nowhere,2,"New York > The Gunks > The Trapps > d. Strictly - The Ceiling",3.4,-1,Lead,Redpoint,Trad,,170,1800
2026-06-21,"The Ceiling",5.6,"Linked from strictly",https://www.mountainproject.com/route/105799687/the-ceiling,1,"New York > The Gunks > The Trapps > d. Strictly - The Ceiling",3.5,-1,Follow,,Trad,,275,1600
2026-06-20,"Directississima (aka Doubleissima)",5.10b,Unsend!,https://www.mountainproject.com/route/105799077/directississima-aka-doubleissima,2,"New York > The Gunks > The Trapps > i. High E",3.8,-1,Lead,Fell/Hung,Trad,,200,2900
2026-06-20,"Erect Direction",5.10c,".2 or 4 protects move into crab crawl, then place .3, at corner #1 and .3 again. Lots of fixed gear on last pitch",https://www.mountainproject.com/route/105799041/erect-direction,3,"New York > The Gunks > The Trapps > h. The Arrow Wall - CCK",3.6,-1,Lead,Redpoint,Trad,,300,3200
2026-06-19,"Tough Existence",5.10a,"Linked both pitches, about 55m. #4 useful brought doubles to #2, single 3 and 4",https://www.mountainproject.com/route/111695378/tough-existence,2,"New York > The Gunks > The Trapps > e. The Mac Wall",2.5,-1,Lead,Onsight,Trad,,200,2600
2026-06-19,"Star Action",5.10b,"Lots of positive crimps after roof pull, only need doubles to .5, single .75 and 1",https://www.mountainproject.com/route/105803185/star-action,1,"New York > The Gunks > The Trapps > e. The Mac Wall",3.4,-1,Lead,Onsight,Trad,,80,2900
2026-06-19,"Graveyard Shift","5.10d PG13","Before final crux, use green dmm dragonfly and small nut, then red dragonfly in vertical crack. Then place black and blue totem in undercling, do not place .4 as it blocks handhold.",https://www.mountainproject.com/route/105799062/graveyard-shift,1,"New York > The Gunks > The Trapps > e. The Mac Wall",3.8,-1,Lead,Redpoint,Trad,,80,3500
2026-06-14,Mutiny,5.8,,https://www.mountainproject.com/route/121575706/mutiny,1,"Massachusetts > Western MA > Hanging Mountain > The Grotto",2.6,-1,Lead,Redpoint,Sport,,50,2100
2026-06-14,"Severely Rational",5.10a,,https://www.mountainproject.com/route/121489382/severely-rational,1,"Massachusetts > Western MA > Hanging Mountain > Corps Wall",2.9,-1,Lead,Redpoint,Trad,,70,2600
2026-06-14,"Frisky Business",5.12a,"After big RH move, match hands, move LH up then heel hook and rock over.",https://www.mountainproject.com/route/127290374/frisky-business,1,"Massachusetts > Western MA > Hanging Mountain > Corps Wall",1.8,-1,Lead,Fell/Hung,Trad,,45,6600
2026-06-14,"Economy of Motion",5.11c,"Doubles finger sized gear, single 1 then .75 after bolted traverse",https://www.mountainproject.com/route/201086614/economy-of-motion,1,"Massachusetts > Western MA > Hanging Mountain > Corps Wall",3.6,-1,Lead,Onsight,Trad,,60,5200
2026-06-14,"Eminent Domain",5.12a,"Sent on second try, first try hanging draws, fell on last foot bump",https://www.mountainproject.com/route/121421061/eminent-domain,2,"Massachusetts > Western MA > Hanging Mountain > Corps Wall",3.8,-1,Lead,Redpoint,Sport,,70,6600
2026-06-07,Freeway,5.0,,https://www.mountainproject.com/route/105752023/freeway,6,"Colorado > Boulder > Flatirons > North > Second Flatiron",3.4,-1,Solo,,Trad,,600,1000
2026-06-05,"Angel's Way",5.2,,https://www.mountainproject.com/route/105758545/angels-way,8,"Colorado > Boulder > Flatirons > North > Skunk Canyon > Ridge 3 aka Angel's Way",3.6,-1,Solo,,Trad,,1200,1200
2026-05-30,"Carey Corner",5.8,"Lead once and TR clean for SoR",https://www.mountainproject.com/route/105799429/carey-corner,2,"Connecticut > Central Valley > Ragged Mountain > Main Cliff",3.1,-1,Lead,Redpoint,Trad,,100,2100
2026-05-30,"Wiessner Crack",5.8,"Linked from cave route x3 for SoR",https://www.mountainproject.com/route/105800500/wiessner-crack,3,"Connecticut > Central Valley > Ragged Mountain > Main Cliff",3.0,-1,Lead,Redpoint,Trad,,40,2100
2026-05-30,"Cave Route",5.4,"SoR lead with Wiessner crack",https://www.mountainproject.com/route/120483864/cave-route,3,"Connecticut > Central Valley > Ragged Mountain > Main Cliff",2.6,-1,Lead,Redpoint,Trad,,60,1400
2026-05-30,Slingshot,"5.10a V1",,https://www.mountainproject.com/route/114032492/slingshot,1,"Connecticut > Central Valley > Ragged Mountain > Main Cliff",2.7,-1,Flash,,"Trad, TR, Boulder",,25,2600
2026-05-30,"Unconquerable Crack",5.9+,,https://www.mountainproject.com/route/105799132/unconquerable-crack,1,"Connecticut > Central Valley > Ragged Mountain > Main Cliff",3.5,-1,Lead,Redpoint,Trad,,80,2500
2026-05-22,"Sons of Yesterday",5.10-,"Clean follow, p2 is really good",https://www.mountainproject.com/route/105862915/sons-of-yesterday,2,"California > Yosemite National Park > Yosemite Valley > Valley North Side > H. Royal Arches Area > Royal Arches > Western Royal Arches",3.9,-1,Follow,,Trad,,600,2700
2026-05-22,"Serenity Crack","5.10d PG13","Led P1, hung a few times to rest feet. Followed p2 and p3",https://www.mountainproject.com/route/105862912/serenity-crack,3,"California > Yosemite National Park > Yosemite Valley > Valley North Side > H. Royal Arches Area > Royal Arches > Western Royal Arches",3.9,-1,Lead,Fell/Hung,Trad,,350,3500
2026-05-21,"Lunatic Fringe",5.10c,"Crux for me was thin hands. Get to #1 jams before placing gear. ",https://www.mountainproject.com/route/105870727/lunatic-fringe,1,"California > Yosemite National Park > Yosemite Valley > Lower Merced River Canyon > At. Reed's Pinnacle Area > Reed's Pinnacle",3.9,-1,Lead,Fell/Hung,Trad,,140,3200
2026-05-21,"Reed's Pinnacle-Direct Route",5.10a,"Linked p1+2, used all my gear (doubles to #4), almost puked at the end",https://www.mountainproject.com/route/105865301/reeds-pinnacle-direct-route,2,"California > Yosemite National Park > Yosemite Valley > Lower Merced River Canyon > At. Reed's Pinnacle Area > Reed's Pinnacle",3.7,-1,Lead,Onsight,Trad,,,2600
2026-05-19,"Lurking Fear","5.7 C2","3 days 2 nights. Day 0 fix p1-3, day 1 p4-9 (led 4-7), day 2 p10-14 (led 10-13), day 3 p15-19 (led 19 to top) ",https://www.mountainproject.com/route/106110258/lurking-fear,19,"California > Yosemite National Park > Yosemite Valley > Valley North Side > B. El Capitan > 2. Southwest Face",3.5,-1,Lead,,"Trad, Aid",,2000,1800
2026-05-14,"Salathe (pitch 1)",5.10c,"Clean follow, the led pitch 2 onsight",https://www.mountainproject.com/route/105870703/salathe-pitch-1,2,"California > Yosemite National Park > Yosemite Valley > Valley North Side > B. El Capitan > 1. Base Routes > Southwest Base > Moby Dick and Pterodactyl Terrace",3.8,-1,Follow,,Trad,,160,3200
2026-05-14,"Pine Line",5.7,"In approach shoes",https://www.mountainproject.com/route/105841118/pine-line,1,"California > Yosemite National Park > Yosemite Valley > Valley North Side > B. El Capitan > 1. Base Routes > Southwest Base > Moby Dick and Pterodactyl Terrace",2.8,-1,Lead,Onsight,Trad,,40,1800
2026-05-03,Skywalker,5.12b,"At second bolt, RH hand jam, LH pinch then bring RF up. At crux, RH onto sloper, LF up, LH to side pull, compress and put RF close to LF, then LF kick out left, LH throw to good hold. Need to figure out how to climb next section efficiently. Head right at slab, blind reach for good hold near the top of slopers",https://www.mountainproject.com/route/121426323/skywalker,2,"Massachusetts > Western MA > Hanging Mountain > Cloud Buttress",3.5,-1,Lead,Fell/Hung,Sport,,80,6900
2026-05-03,Transcendentalism,5.11a,,https://www.mountainproject.com/route/121426317/transcendentalism,1,"Massachusetts > Western MA > Hanging Mountain > Cloud Buttress",3.4,-1,Lead,Redpoint,Sport,,70,4600
2026-05-03,"Come What Mae",5.9+,,https://www.mountainproject.com/route/122594307/come-what-mae,1,"Massachusetts > Western MA > Hanging Mountain > Space Invaders",2.7,-1,Lead,Onsight,Sport,,80,2500
2026-05-03,"Kats in Seattle",5.11a/b,"Crux at last 2 bolts, nice stemming ",https://www.mountainproject.com/route/122574084/kats-in-seattle,1,"Massachusetts > Western MA > Hanging Mountain > Space Invaders",2.5,-1,Lead,Onsight,Sport,,50,4800
2026-05-02,"That 70 Show",5.8+,"Hung on weird traverse at first bolt, low traverse seems better",https://www.mountainproject.com/route/108375880/that-70-show,1,"Connecticut > Western Coastal Slope > West Rock State Park > South Buttress > Ball Field Slabs",3.0,-1,Lead,Fell/Hung,"Trad, Sport",,115,2200
2026-04-26,"Blinded By The Puss",5.11+,"Went a bit right after 3rd bolt, maybe going left would be a cleaner line",https://www.mountainproject.com/route/108304019/blinded-by-the-puss,1,"Connecticut > Eastern Coastal Slope > Chatfield Hollow Main Wall",3.2,-1,Lead,Redpoint,"Trad, Sport",,50,5300
2026-04-26,"Super Slab",5.5,,https://www.mountainproject.com/route/106077516/super-slab,2,"Connecticut > Eastern Coastal Slope > Chatfield Hollow Main Wall",2.5,-1,Lead,Onsight,"Trad, TR",,70,1500
2026-04-25,Netherlands,"5.10a R",,https://www.mountainproject.com/route/105976960/netherlands,1,"Connecticut > Central Valley > Ragged Mountain > Main Cliff",3.0,-1,TR,,TR,,90,2600
2026-04-25,"YMC Route",5.9,,https://www.mountainproject.com/route/105800455/ymc-route,1,"Connecticut > Central Valley > Ragged Mountain > Main Cliff",3.3,-1,Lead,Redpoint,Trad,,100,2400
2026-04-25,"Unconquerable Crack",5.9+,,https://www.mountainproject.com/route/105799132/unconquerable-crack,1,"Connecticut > Central Valley > Ragged Mountain > Main Cliff",3.5,-1,Lead,Redpoint,Trad,,80,2500
2026-04-18,Sirius,5.9-,,https://www.mountainproject.com/route/107236624/sirius,1,"Connecticut > Eastern Coastal Slope > Chatfield Hollow Main Wall",2.2,-1,Lead,Redpoint,"Trad, TR",,40,2300
2026-04-18,"Blinded By The Puss",5.11+,"Save #1 for horizontal slot after third bolt. Quite sandy",https://www.mountainproject.com/route/108304019/blinded-by-the-puss,3,"Connecticut > Eastern Coastal Slope > Chatfield Hollow Main Wall",3.2,-1,Lead,Fell/Hung,"Trad, Sport",,50,5300
2026-04-12,Horseman,5.5,,https://www.mountainproject.com/route/105799721/horseman,1,"New York > The Gunks > The Trapps > a1. The Uberfall - left",3.5,-1,Follow,,Trad,,120,1500
2026-04-12,"Welcome to the Gunks","5.10b PG13","At crux roof, place blue totem high up (extend with long sling), then use face holds RH and arete LH to pull roof. ",https://www.mountainproject.com/route/105799065/welcome-to-the-gunks,2,"New York > The Gunks > The Trapps > e. The Mac Wall",3.8,-1,Lead,Fell/Hung,Trad,,95,2900
2026-04-12,"Beatle Brow Bulge",5.10a,"Placed black totem then #3 instead of using the vertical crack",https://www.mountainproject.com/route/105818020/beatle-brow-bulge,1,"New York > The Gunks > The Trapps > f. The Guides' Wall",2.9,-1,Lead,Onsight,Trad,,250,2600
2026-04-12,"Snooky's Return",5.8,,https://www.mountainproject.com/route/106018730/snookys-return,1,"New York > The Gunks > The Trapps > f. The Guides' Wall",3.1,-1,Lead,Onsight,Trad,,,2100
2026-04-11,"Shape Shifter",5.12c,"Did the crux move but was really stretched out",https://www.mountainproject.com/route/106708800/shape-shifter,2,"Connecticut > Eastern Coastal Slope > Chatfield Hollow Main Wall",3.8,-1,TR,,Sport,,55,7200
2026-04-11,"The Bloody Beetroots",5.11a,,https://www.mountainproject.com/route/107320972/the-bloody-beetroots,1,"Connecticut > Eastern Coastal Slope > Chatfield Hollow Main Wall",2.6,-1,Lead,Fell/Hung,Sport,,,4600
2026-04-11,Sirius,5.9-,,https://www.mountainproject.com/route/107236624/sirius,1,"Connecticut > Eastern Coastal Slope > Chatfield Hollow Main Wall",2.2,-1,Lead,Onsight,"Trad, TR",,40,2300
2026-04-11,"Steep Steps",5.9,,https://www.mountainproject.com/route/120396877/steep-steps,1,"Connecticut > Eastern Coastal Slope > Chatfield Hollow Main Wall",1.8,-1,TR,,TR,,,2400
2026-04-04,"Complete Crack",V2,,https://www.mountainproject.com/route/106952133/complete-crack,1,"Massachusetts > North Shore > Lynn Woods > Stone Tower Area > Slant Right Boulder",2.4,-1,Send,,Boulder,,10,20200
2026-04-04,"In The Shadows",V2,,https://www.mountainproject.com/route/121743182/in-the-shadows,1,"Massachusetts > North Shore > Lynn Woods > Stone Tower Area > Slant Right Boulder",2.1,-1,Send,,Boulder,,10,20200
2026-04-04,"Holly the Happy Healer",V3,,https://www.mountainproject.com/route/106952022/holly-the-happy-healer,1,"Massachusetts > North Shore > Lynn Woods > Stone Tower Area > Slant Right Boulder",3.0,-1,Flash,,Boulder,,12,20300
2026-04-04,"Silent But Deadly",V0+,,https://www.mountainproject.com/route/119452277/silent-but-deadly,1,"Massachusetts > North Shore > Lynn Woods > Stone Tower Area > Queen's Row Boulders",1.8,-1,Flash,,Boulder,,10,20010
2026-04-04,"First  Burn",V3,,https://www.mountainproject.com/route/106932141/first-burn,1,"Massachusetts > North Shore > Lynn Woods > Stone Tower Area > Queen's Row Boulders",2.1,-1,Flash,,Boulder,,10,20300
2026-04-04,"Working Man",V1+,,https://www.mountainproject.com/route/106923094/working-man,1,"Massachusetts > North Shore > Lynn Woods > Stone Tower Area > Queen's Row Boulders",1.9,-1,Send,,Boulder,,12,20110
2026-04-04,"Queen's Row Face",V4,,https://www.mountainproject.com/route/106923091/queens-row-face,1,"Massachusetts > North Shore > Lynn Woods > Stone Tower Area > Queen's Row Boulders",3.3,-1,Send,,Boulder,,12,20400
2026-03-29,Shitface,"5.10b/c R","Felt too tired, bailed before first crux ",https://www.mountainproject.com/route/105821473/shitface,1,"New York > The Gunks > The Near Trapps > b. Workout Wall",2.9,-1,Lead,,Trad,,75,3100
2026-03-29,"To Be Or Not To Be","5.12a X","Crux 1: bump LH from sideways sloper to jug. Crux 2: go up on horizontal crimps before moving left Crux 3: LH on scoop then high RF, RH reach for small crimp",https://www.mountainproject.com/route/106379705/to-be-or-not-to-be,2,"New York > The Gunks > The Near Trapps > b. Workout Wall",3.6,-1,TR,,Trad,,80,6600
2026-03-29,"Farewell to Arms",5.8,,https://www.mountainproject.com/route/105804864/farewell-to-arms,1,"New York > The Gunks > The Near Trapps > b. Workout Wall",2.9,-1,Lead,Redpoint,Trad,,90,2100
2026-03-29,"Bird Cage",5.10b,"Nut is very loose, good black totem placement next to it",https://www.mountainproject.com/route/105799578/bird-cage,1,"New York > The Gunks > The Near Trapps > b. Workout Wall",3.7,-1,Lead,Redpoint,Trad,,100,2900
2026-03-21,"Transcontinental Nailway",5.10b,"Can traverse right to set up TR on El Kabong",https://www.mountainproject.com/route/105799676/transcontinental-nailway,2,"New York > The Gunks > The Near Trapps > b. Workout Wall",3.5,-1,Lead,Redpoint,Trad,,100,2900
2026-03-21,"El Kabong","5.12c R",,https://www.mountainproject.com/route/110766938/el-kabong,1,"New York > The Gunks > The Near Trapps > b. Workout Wall",3.5,-1,TR,,"Trad, TR",,75,7200
2026-03-21,"Fat City Direct","5.10d PG13","Did 5.9 fat city first pitch",https://www.mountainproject.com/route/105798943/fat-city-direct,1,"New York > The Gunks > The Near Trapps > a. Beginning of cliff to Gelsa",3.9,4,Lead,,Trad,,150,3500
2026-03-21,Alphonse,5.8,"Linked both in 1 pitch",https://www.mountainproject.com/route/105815363/alphonse,2,"New York > The Gunks > The Near Trapps > a. Beginning of cliff to Gelsa",3.4,-1,Lead,Redpoint,Trad,,150,2100
2026-03-21,"Diamond In The Rough",5.11+,,https://www.mountainproject.com/route/122176613/diamond-in-the-rough,1,"New York > The Gunks > The Near Trapps > a. Beginning of cliff to Gelsa",2.8,-1,TR,,"Trad, TR",,100,5300
2026-03-21,"Land of The Giants",5.7,,https://www.mountainproject.com/route/107835392/land-of-the-giants,1,"New York > The Gunks > The Near Trapps > a. Beginning of cliff to Gelsa",3.0,-1,Lead,Onsight,Trad,,100,1800
2026-03-14,Roseland,5.9,,https://www.mountainproject.com/route/105821465/roseland,1,"New York > The Gunks > The Near Trapps > b. Workout Wall",3.3,-1,Follow,,Trad,,250,2400
2026-03-14,Shitface,"5.10b/c R","Hard roof pull followed by runout (RH reach high for hold, LF up then LH crimp), save black totem afterwards. Microcams and nuts for seam",https://www.mountainproject.com/route/105821473/shitface,1,"New York > The Gunks > The Near Trapps > b. Workout Wall",2.9,-1,Lead,Fell/Hung,Trad,,75,3100
2026-03-14,"Transcontinental Nailway",5.10b,,https://www.mountainproject.com/route/105799676/transcontinental-nailway,1,"New York > The Gunks > The Near Trapps > b. Workout Wall",3.5,-1,Follow,,Trad,,100,2900
2026-03-14,Birdland,5.8+,,https://www.mountainproject.com/route/105800395/birdland,1,"New York > The Gunks > The Near Trapps > b. Workout Wall",3.6,-1,Follow,,Trad,,200,2200
2026-03-14,"To Be Or Not To Be","5.12a X","Could do every move, quite sustained any pumpy",https://www.mountainproject.com/route/106379705/to-be-or-not-to-be,1,"New York > The Gunks > The Near Trapps > b. Workout Wall",3.6,-1,TR,,Trad,,80,6600
2026-03-14,"Farewell to Arms",5.8,,https://www.mountainproject.com/route/105804864/farewell-to-arms,1,"New York > The Gunks > The Near Trapps > b. Workout Wall",2.9,-1,Lead,Onsight,Trad,,90,2100
2026-02-21,"Forearm Frenzy",5.11b,"Very wet",https://www.mountainproject.com/route/106051786/forearm-frenzy,1,"Connecticut > Eastern Coastal Slope > Chatfield Hollow Main Wall",3.7,-1,Lead,Fell/Hung,Trad,,90,4900
2026-02-21,"Hollow Head Crew/Forearm Direct",5.12a,,https://www.mountainproject.com/route/106460429/hollow-head-crewforearm-direct,1,"Connecticut > Eastern Coastal Slope > Chatfield Hollow Main Wall",3.4,-1,TR,,"Trad, Sport",,55,6600
2026-02-15,"Nickel And Dime",5.9,,https://www.mountainproject.com/route/108375797/nickel-and-dime,2,"Connecticut > Western Coastal Slope > West Rock State Park > South Buttress > Ball Field Slabs",3.3,-1,Lead,Onsight,Sport,,,2400
2026-02-15,"30 Seconds to All Night",5.10a/b,"Weird traverse crux move, then lots of easy climbing",https://www.mountainproject.com/route/108373774/30-seconds-to-all-night,1,"Connecticut > Western Coastal Slope > West Rock State Park > South Buttress > Ball Field Slabs",2.3,-1,TR,,Sport,,100,2800
2025-11-22,"5.12d sport",5.12d,"Farley Diahbolic, easy start, traverse right, then hard traverse left on slopers. At crux, get good LH crimp using right heel-toe cams, then big move to RH small pinch (very reachy). ",https://www.mountainproject.com/route/112170142/512d-sport,1,"* In Progress > Generic Area",3.2,-1,TR,,Sport,,,7500
2025-11-22,"5.8+ sport",5.8+,"Air blast, Farley",https://www.mountainproject.com/route/122207267/58-sport,1,"* In Progress > Generic Area",3.0,-1,Lead,Redpoint,Sport,,,2200
2025-11-22,"5.12b sport",5.12b,"Farley Target Practice, this time the slab felt much easier ",https://www.mountainproject.com/route/112170129/512b-sport,1,"* In Progress > Generic Area",3.2,-1,TR,,Sport,,,6900
2025-11-22,"5.12a sport",5.12a,"Hard as an Oosik, Farley ",https://www.mountainproject.com/route/112166339/512a-sport,2,"* In Progress > Generic Area",3.0,-1,Follow,,Sport,,,6600
2025-11-22,"5.12 sport",5.12,"Farley inside bat cave, very hard couldn't figure out the moves",https://www.mountainproject.com/route/201086398/512-sport,1,"* In Progress > Generic Area",4.0,-1,TR,,Sport,,,7000
2025-11-22,"5.7 sport",5.7,"Farley Bats in the Belfry",https://www.mountainproject.com/route/112166265/57-sport,2,"* In Progress > Generic Area",2.2,-1,Lead,Onsight,Sport,,,1800
2025-11-15,"Graveyard Shift","5.10d PG13","Before crux, first place.1/.2, then .2/.3 in overhang before pulling undercling move",https://www.mountainproject.com/route/105799062/graveyard-shift,1,"New York > The Gunks > The Trapps > e. The Mac Wall",3.8,-1,TR,,Trad,,80,3500
2025-11-15,"Tough Shift","5.10b PG13",,https://www.mountainproject.com/route/105799572/tough-shift,1,"New York > The Gunks > The Trapps > e. The Mac Wall",2.9,-1,Follow,,Trad,,75,2900
2025-11-15,"Tough Shift","5.10b PG13","Scary unprotected traverse left, bring #3 to protect follower",https://www.mountainproject.com/route/105799572/tough-shift,1,"New York > The Gunks > The Trapps > e. The Mac Wall",2.9,-1,Lead,Onsight,Trad,,75,2900
2025-11-15,"Men At Arms","5.10a/b PG13","Got lost again near the top",https://www.mountainproject.com/route/106281558/men-at-arms,1,"New York > The Gunks > The Trapps > e. The Mac Wall",2.6,-1,Lead,Redpoint,Trad,,80,2800
2025-11-15,MF,5.9,,https://www.mountainproject.com/route/105799143/mf,1,"New York > The Gunks > The Trapps > e. The Mac Wall",3.6,-1,Lead,Redpoint,Trad,,180,2400
2025-11-15,Coexistence,5.10d,"Don't clip into pitons with short quickdraws, risk of pinching rope over edge",https://www.mountainproject.com/route/105799053/coexistence,1,"New York > The Gunks > The Trapps > e. The Mac Wall",3.6,-1,Lead,Redpoint,Trad,,60,3500
2025-11-08,"Modern Times",5.8+,"#4 or .4 placement after roof pull to protect follower",https://www.mountainproject.com/route/105799085/modern-times,2,"New York > The Gunks > The Trapps > h. The Arrow Wall - CCK",3.7,-1,Lead,Onsight,Trad,,250,2200
2025-11-08,"Directississima (aka Doubleissima)",5.10b,,https://www.mountainproject.com/route/105799077/directississima-aka-doubleissima,2,"New York > The Gunks > The Trapps > i. High E",3.8,-1,Lead,Redpoint,Trad,,200,2900
2025-11-08,"Cheap Thrills","5.10c PG13","Hung at pin before pulling roof. Before crux, place .75/1 (single draw extension), move up and left on small crimps, then place black totem (sling extension) with LH on good hold immediately left of pin. ",https://www.mountainproject.com/route/109172875/cheap-thrills,1,"New York > The Gunks > The Trapps > g. V3 - Middle Earth",2.9,-1,Lead,Fell/Hung,Trad,,100,3200
2025-11-08,Badfinger,"5.9+ PG13","Couldn't find gear going straight up after roof, next time maybe traverse left",https://www.mountainproject.com/route/106146816/badfinger,1,"New York > The Gunks > The Trapps > g. V3 - Middle Earth",2.7,-1,Lead,Onsight,Trad,,100,2500
2025-11-08,"Gory Thumb","5.9 PG13","Micro nuts needed to protect crux, possible black totem placement too",https://www.mountainproject.com/route/106146808/gory-thumb,1,"New York > The Gunks > The Trapps > g. V3 - Middle Earth",2.4,-1,Lead,Onsight,Trad,,200,2400
2025-11-08,"Wild Horses","5.9 R",,https://www.mountainproject.com/route/106146799/wild-horses,1,"New York > The Gunks > The Trapps > g. V3 - Middle Earth",2.4,-1,Lead,Onsight,Trad,,170,2400
2025-11-02,"Shape Shifter",5.12c,,https://www.mountainproject.com/route/106708800/shape-shifter,2,"Connecticut > Eastern Coastal Slope > Chatfield Hollow Main Wall",3.8,-1,TR,,Sport,,55,7200
2025-11-02,Tickery,5.10d,"Quite hard to climb only crack, might be easy to use small crimps on the right",https://www.mountainproject.com/route/111084921/tickery,1,"Connecticut > Eastern Coastal Slope > Chatfield Hollow Main Wall",2.1,-1,TR,,"Trad, TR",,,3500
2025-11-02,Trickery,5.9,,https://www.mountainproject.com/route/112812529/trickery,1,"Connecticut > Eastern Coastal Slope > Chatfield Hollow Main Wall",2.0,-1,Lead,Onsight,"Trad, TR",,35,2400
2025-10-25,Clover,"5.7+ PG13",,https://www.mountainproject.com/route/107282255/clover,2,"New York > The Gunks > The Trapps > a2. The Uberfall - right",2.4,-1,TR,,Trad,,95,1900
2025-10-25,Rhododendron,5.6,,https://www.mountainproject.com/route/105810485/rhododendron,2,"New York > The Gunks > The Trapps > a2. The Uberfall - right",2.8,-1,TR,,Trad,,70,1600
2025-10-25,Rhododendron,5.6,,https://www.mountainproject.com/route/105810485/rhododendron,1,"New York > The Gunks > The Trapps > a2. The Uberfall - right",2.8,-1,Lead,Onsight,Trad,,70,1600
2025-10-25,Bunny,5.5,,https://www.mountainproject.com/route/105888225/bunny,1,"New York > The Gunks > The Trapps > a1. The Uberfall - left",2.6,-1,Lead,Onsight,Trad,,100,1500
2025-10-25,Retribution,5.10b,,https://www.mountainproject.com/route/105799038/retribution,1,"New York > The Gunks > The Trapps > a1. The Uberfall - left",3.0,-1,Follow,,Trad,,75,2900
2025-10-25,Retribution,5.10b,,https://www.mountainproject.com/route/105799038/retribution,1,"New York > The Gunks > The Trapps > a1. The Uberfall - left",3.0,-1,Lead,Redpoint,Trad,,75,2900
2025-10-25,Calisthenic,"5.7 PG13","Linked into last pitch from ribs",https://www.mountainproject.com/route/106134457/calisthenic,1,"New York > The Gunks > The Trapps > d. Strictly - The Ceiling",2.0,-1,Lead,Onsight,Trad,,225,1800
2025-10-25,Ribs,5.4,,https://www.mountainproject.com/route/105811994/ribs,2,"New York > The Gunks > The Trapps > d. Strictly - The Ceiling",2.2,-1,Lead,Onsight,Trad,,130,1400
2025-10-25,Sixish,5.5,,https://www.mountainproject.com/route/105968658/sixish,3,"New York > The Gunks > The Trapps > c. Frog's Head - the Arch",3.0,-1,Lead,Onsight,Trad,,200,1500
2025-10-25,Glypnod,5.8,,https://www.mountainproject.com/route/106295806/glypnod,1,"New York > The Gunks > The Trapps > d. Strictly - The Ceiling",2.1,-1,TR,,Trad,,210,2100
2025-10-25,Anguish,"5.8+ PG13","Linked all 3 pitches to the top, not recommended ",https://www.mountainproject.com/route/106031516/anguish,3,"New York > The Gunks > The Trapps > d. Strictly - The Ceiling",2.3,3,Lead,,Trad,,200,2200
2025-10-25,"Higher Stannard",5.9-,"TR up to below roof then led roof",https://www.mountainproject.com/route/105799128/higher-stannard,1,"New York > The Gunks > The Trapps > e. The Mac Wall",3.1,-1,Lead,,Trad,,200,2300
2025-10-25,"Birdie Party",5.10b,"First pitch only",https://www.mountainproject.com/route/106106801/birdie-party,1,"New York > The Gunks > The Trapps > e. The Mac Wall",3.2,-1,Lead,Redpoint,Trad,,200,2900
2025-10-25,"Welcome to the Gunks","5.10b PG13",,https://www.mountainproject.com/route/105799065/welcome-to-the-gunks,2,"New York > The Gunks > The Trapps > e. The Mac Wall",3.8,-1,TR,,Trad,,95,2900
2025-10-25,"Overhanging Layback",5.7,,https://www.mountainproject.com/route/106294662/overhanging-layback,3,"New York > The Gunks > The Trapps > e. The Mac Wall",2.6,-1,Lead,Onsight,Trad,,180,1800
2025-10-25,"Drunkard's Delight","5.8- PG13","Linked in one mega pitch",https://www.mountainproject.com/route/105897523/drunkards-delight,3,"New York > The Gunks > The Trapps > c. Frog's Head - the Arch",3.0,-1,Lead,Onsight,Trad,,180,2000
2025-10-25,"The Ceiling",5.6,"Linked all 3 pitches, reclimbed last pitch to clean cam",https://www.mountainproject.com/route/105799687/the-ceiling,4,"New York > The Gunks > The Trapps > d. Strictly - The Ceiling",3.5,-1,Lead,Redpoint,Trad,,275,1600
2025-10-19,"East Buttress",5.10b,,https://www.mountainproject.com/route/105833467/east-buttress,11,"California > Yosemite National Park > Yosemite Valley > Valley North Side > B. El Capitan > 4. East Buttress",3.5,-1,Lead,,Trad,,1200,2900
2025-10-18,Selaginella,5.8,,https://www.mountainproject.com/route/106097044/selaginella,4,"California > Yosemite National Park > Yosemite Valley > Valley North Side > E. Yosemite Falls Area > Five Open Books > Second Tier",3.2,-1,Lead,Onsight,Trad,,560,2100
2025-10-18,Commitment,5.9,,https://www.mountainproject.com/route/105867013/commitment,3,"California > Yosemite National Park > Yosemite Valley > Valley North Side > E. Yosemite Falls Area > Five Open Books > First Tier",3.5,-1,Lead,Onsight,Trad,,320,2400
2025-10-10,"5.10a sport",5.10a,"Ross Rocks North End: Fully Charged",https://www.mountainproject.com/route/112166313/510a-sport,1,"* In Progress > Generic Area",2.6,-1,Lead,Onsight,Sport,,,2600
2025-10-10,"5.11a sport",5.11a,"Ross Rocks North End: Don&#39;t Bleed on Me",https://www.mountainproject.com/route/112166325/511a-sport,1,"* In Progress > Generic Area",3.0,-1,Lead,Onsight,Sport,,,4600
2025-10-10,"Airing it Out",5.10c,,https://www.mountainproject.com/route/200648502/airing-it-out,1,"Connecticut > Eastern Highlands > Ross Rocks > 7. North End",2.7,-1,Lead,Onsight,Sport,,40,3200
2025-10-10,"Arete-Sted Development",5.11d,"A bit contrived",https://www.mountainproject.com/route/200648419/arete-sted-development,1,"Connecticut > Eastern Highlands > Ross Rocks > 7. North End",3.0,-1,Lead,Fell/Hung,Sport,,35,5500
2025-10-10,"Under the Ferns",5.10a,,https://www.mountainproject.com/route/200648349/under-the-ferns,1,"Connecticut > Eastern Highlands > Ross Rocks > 7. North End",2.5,-1,Lead,Onsight,Trad,,50,2600
2025-10-05,"Water From An Ancient Well",5.11b,"Miasma first pitch, fell on second pitch crux, need to stem more. OS other 2 pitches. Linked P2 and 3",https://www.mountainproject.com/route/121467099/water-from-an-ancient-well,4,"Massachusetts > Western MA > Hanging Mountain > Acorn Face/Squirrel Wall",2.8,-1,Lead,Fell/Hung,Sport,,240,4900
2025-10-05,"Not Me, Us",5.8+,,https://www.mountainproject.com/route/121415727/not-me-us,1,"Massachusetts > Western MA > Hanging Mountain > Progressive Buttress",2.0,-1,Lead,Onsight,Sport,,45,2200
2025-10-05,"Gneiss Bulge",5.11b,,https://www.mountainproject.com/route/121499717/gneiss-bulge,1,"Massachusetts > Western MA > Hanging Mountain > Progressive Buttress",2.7,-1,Lead,Onsight,Sport,,50,4900
2025-10-05,Transcendentalism,5.11a,,https://www.mountainproject.com/route/121426317/transcendentalism,1,"Massachusetts > Western MA > Hanging Mountain > Cloud Buttress",3.4,-1,Lead,Redpoint,Sport,,70,4600
2025-10-05,"Drawn and Quartered",5.12,,https://www.mountainproject.com/route/121635893/drawn-and-quartered,1,"Massachusetts > Western MA > Hanging Mountain > Cloud Buttress",3.8,-1,Lead,Fell/Hung,Sport,,80,7000
2025-10-05,"Don't Take Schist for Granite",5.11b,,https://www.mountainproject.com/route/126918782/dont-take-schist-for-granite,1,"Massachusetts > Western MA > Hanging Mountain > Cloud Buttress",3.4,4,Lead,Onsight,Sport,,45,4900
2025-09-27,"Lito and the Swan","5.9+ PG13","Thin micro gear at the beginning",https://www.mountainproject.com/route/106089957/lito-and-the-swan,1,"New York > The Gunks > The Trapps > j. The Yellow Wall and The Seasons",2.7,4,Lead,Onsight,Trad,,150,2500
2025-09-27,"Techo Stuff",5.12a,"Did direct plumb line between roof finish and simple suff",https://www.mountainproject.com/route/107797205/techo-stuff,1,"New York > The Gunks > The Trapps > k. The Slime Wall",3.1,-1,TR,,"Trad, TR",,50,6600
2025-09-27,"Falled on Account of Strain",5.10b,"Led p1, followed p2, .4 before final roof pull with pin on the left after the roof",https://www.mountainproject.com/route/105799072/falled-on-account-of-strain,2,"New York > The Gunks > The Trapps > k. The Slime Wall",3.7,-1,Lead,Onsight,Trad,,160,2900
2025-09-27,"Simple Suff",5.10a/b,"Singles from micros to .75, doubles from .2 to .4",https://www.mountainproject.com/route/105818206/simple-suff,1,"New York > The Gunks > The Trapps > k. The Slime Wall",3.4,-1,Lead,Onsight,Trad,,60,2800
2025-09-27,"Uphill all the Way AKA The Man Who Fell to Earth",5.12-,,https://www.mountainproject.com/route/106076954/uphill-all-the-way-aka-the-man-who-fell-to-earth,1,"New York > The Gunks > The Trapps > j. The Yellow Wall and The Seasons",3.5,-1,TR,,Trad,,90,6700
2025-09-27,"The Sting",5.12a,"Could do all the moves except the first",https://www.mountainproject.com/route/105898985/the-sting,1,"New York > The Gunks > The Trapps > j. The Yellow Wall and The Seasons",3.5,-1,TR,,Trad,,,6600
2025-09-20,"Fat City Direct","5.10d PG13","Lead first pitch, then cleaned on TR. Doubles to 1, use #2 on the left past first roof to keep rope out of crack. First crux protects with #1 in undercling crack. Good black totem placement for second crux. ",https://www.mountainproject.com/route/105798943/fat-city-direct,2,"New York > The Gunks > The Near Trapps > a. Beginning of cliff to Gelsa",3.9,4,Lead,Redpoint,Trad,,150,3500
2025-09-20,"Stupid Crack",5.12-,,https://www.mountainproject.com/route/108495866/stupid-crack,1,"New York > The Gunks > The Trapps > a1. The Uberfall - left",2.5,-1,TR,,Trad,,35,6700
2025-09-20,Sonja,5.10b,"Did not use arete, single rack from .4-2 for crack (maybe double .75/1). Not painful at all ",https://www.mountainproject.com/route/106410777/sonja,1,"New York > The Gunks > The Trapps > a1. The Uberfall - left",2.6,3,Lead,Onsight,Trad,,40,2900
2025-09-20,Apoplexy,5.9,,https://www.mountainproject.com/route/105840572/apoplexy,1,"New York > The Gunks > The Trapps > a1. The Uberfall - left",3.4,-1,Lead,Redpoint,Trad,,90,2400
2025-09-20,"Low Exposure",5.11-,,https://www.mountainproject.com/route/106456276/low-exposure,1,"New York > The Gunks > The Trapps > a2. The Uberfall - right",2.6,-1,Lead,Redpoint,Trad,,40,4700
2025-09-13,"Big Chimney",5.6,,https://www.mountainproject.com/route/112849248/big-chimney,3,"New York > The Gunks > The Trapps > b. Jackie and friends",3.5,-1,Lead,Onsight,Trad,,,1600
2025-09-13,"No Solution",5.12a,,https://www.mountainproject.com/route/106440087/no-solution,1,"New York > The Gunks > The Trapps > a1. The Uberfall - left",2.8,-1,TR,,"Trad, TR",,60,6600
2025-09-13,Nosedive,5.10b,"Only need singles .5-1. Layback final crack, then left heelhook to get up",https://www.mountainproject.com/route/105799032/nosedive,1,"New York > The Gunks > The Trapps > a1. The Uberfall - left",3.5,-1,Lead,Redpoint,Trad,,80,2900
2025-09-13,"Bonnie's Roof",5.9,"Direct variation from ground in 1 long pitch (place .75, .4 from ledge then pull roof). Accidentally skipped last roof move by going right. Bring lots of long slings next time to reduce drag.",https://www.mountainproject.com/route/105801433/bonnies-roof,2,"New York > The Gunks > The Trapps > i. High E",3.9,-1,Lead,Onsight,Trad,,250,2400
2025-09-13,"Directississima (aka Doubleissima)",5.10b,,https://www.mountainproject.com/route/105799077/directississima-aka-doubleissima,2,"New York > The Gunks > The Trapps > i. High E",3.8,-1,Follow,,Trad,,200,2900
2025-09-13,Ridicullissima,"5.10c/d PG13","From ledge, place .5 , make a few moves to good horizontal for .4 (don&#39;t block fingerlock with cams). Rest in the middle on sidepull/locks, then go straight up and left to ledge for rest (.4 placement)",https://www.mountainproject.com/route/105888125/ridicullissima,1,"New York > The Gunks > The Trapps > i. High E",3.9,-1,Lead,Fell/Hung,Trad,,180,3400
2025-09-07,"Stoned Temple Pilot",5.12a,,https://www.mountainproject.com/route/105907577/stoned-temple-pilot,1,"New Hampshire > *Rumney > The Prudential",3.6,-1,Lead,Fell/Hung,Sport,,,6600
2025-09-07,Finland,5.11b,"Messed up onsight, go into right handjam from undercling",https://www.mountainproject.com/route/106036846/finland,2,"New Hampshire > *Rumney > The Prudential",2.8,-1,Lead,Redpoint,Sport,,,4900
2025-09-07,"Nice Land",5.10b,"Weird climb, hard moves off the ground, go left of bolts in the middle, extend anchors",https://www.mountainproject.com/route/105970601/nice-land,1,"New Hampshire > *Rumney > The Prudential",2.3,-1,Lead,Onsight,Sport,,,2900
2025-09-07,"Swedish Girls",5.10d,,https://www.mountainproject.com/route/105970612/swedish-girls,1,"New Hampshire > *Rumney > The Prudential",2.5,-1,Lead,Onsight,Sport,,,3500
2025-09-01,"Carey Corner",5.8,,https://www.mountainproject.com/route/105799429/carey-corner,1,"Connecticut > Central Valley > Ragged Mountain > Main Cliff",3.1,-1,Follow,,Trad,,100,2100
2025-09-01,"Wet Wall",5.6,,https://www.mountainproject.com/route/105801023/wet-wall,1,"Connecticut > Central Valley > Ragged Mountain > Main Cliff",2.8,-1,Follow,,Trad,,100,1600
2025-09-01,"Kor Crack",5.9,"Quite dirty, only crux is roof pull",https://www.mountainproject.com/route/105805231/kor-crack,1,"Connecticut > Central Valley > Ragged Mountain > Main Cliff",2.7,-1,Lead,Onsight,Trad,,100,2400
2025-09-01,"Aid Crack",5.10b/c,"Tricky gear, hard to onsight",https://www.mountainproject.com/route/105804637/aid-crack,2,"Connecticut > Central Valley > Ragged Mountain > Main Cliff",2.8,-1,Lead,Fell/Hung,Trad,,40,3100
2025-08-31,"Disco Pants",5.12c/d,"Hard and insecure slab moves with RH on arete slopers",https://www.mountainproject.com/route/121585900/disco-pants,1,"Massachusetts > Western MA > Hanging Mountain > The Grotto",3.5,-1,TR,,Sport,,120,7400
2025-08-31,"Compass Rose",5.9,"TR before second pitch of disco pants ",https://www.mountainproject.com/route/121495938/compass-rose,1,"Massachusetts > Western MA > Hanging Mountain > The Grotto",1.7,-1,TR,,Trad,,75,2400
2025-08-31,Mutiny,5.8,,https://www.mountainproject.com/route/121575706/mutiny,1,"Massachusetts > Western MA > Hanging Mountain > The Grotto",2.6,-1,Lead,Onsight,Sport,,50,2100
2025-08-31,"Shakedown Street",5.10a,"Linked from mutiny",https://www.mountainproject.com/route/124458567/shakedown-street,1,"Massachusetts > Western MA > Hanging Mountain > The Grotto",2.4,-1,Lead,Onsight,Trad,,120,2600
2025-08-31,"Eminent Domain",5.12a,"Fell at crossover move, reach further left next time. Last climb of the day, can't seem to send while placing draws",https://www.mountainproject.com/route/121421061/eminent-domain,1,"Massachusetts > Western MA > Hanging Mountain > Corps Wall",3.8,-1,Lead,Fell/Hung,Sport,,70,6600
2025-08-31,"Suspension of Disbelief",5.12a,"This time placed green offset nut higher at start. Second crux felt harder than the last one due to humidity ",https://www.mountainproject.com/route/121585503/suspension-of-disbelief,1,"Massachusetts > Western MA > Hanging Mountain > Corps Wall",3.4,4,Lead,Redpoint,Trad,,70,6600
2025-08-25,"The Line",5.9,"Led in 2 pitches, almost ran out of gear on first pitch, belayed below roofs",https://www.mountainproject.com/route/105798280/the-line,3,"California > Lake Tahoe > Highway 50 Corridor > Lover's Leap > Main Formation > East Wall",3.7,-1,Lead,Onsight,Trad,,320,2400
2025-08-24,"America's Most Wanted",5.11d,"Couldn&#39;t clip after pulling crux",https://www.mountainproject.com/route/105862735/americas-most-wanted,2,"California > Lake Tahoe > South Shore > The Pie Shop > 2. Space Invaders",2.9,-1,Lead,Fell/Hung,Sport,,,5500
2025-08-24,Minecraft,5.10d,"Very sharp",https://www.mountainproject.com/route/126398233/minecraft,1,"California > Lake Tahoe > South Shore > The Pie Shop > 2. Space Invaders",1.7,-1,Lead,Fell/Hung,Sport,,60,3500
2025-08-24,"Surrealistic Pillar",5.7,"Simuled all 3 pitches, might have gone off-route on last pitch",https://www.mountainproject.com/route/105735614/surrealistic-pillar,3,"California > Lake Tahoe > Highway 50 Corridor > Lover's Leap > Lower Buttress",3.2,-1,Lead,Onsight,Trad,,270,1800
2025-08-24,"Corrugation Corner",5.7,"Linked first 2 pitches with a 70m rope, probably did 5.8 p3 variation",https://www.mountainproject.com/route/105872293/corrugation-corner,3,"California > Lake Tahoe > Highway 50 Corridor > Lover's Leap > Main Formation > Main Wall > Main Wall",3.9,-1,Lead,Onsight,Trad,,360,1800
2025-08-22,"Wind Shear",5.12b,"TR-ed first pitch, set up by leading first pitch of PV",https://www.mountainproject.com/route/109477396/wind-shear,1,"California > High Sierra > 02 - The Sawtooth Ridge > Incredible Hulk",3.9,-1,TR,,"Trad, Alpine",,1200,6900
2025-08-22,"Positive Vibrations",5.11a,"Followed 4 pitches, then rappelled twice with 2x 70m to base. Then led first pitch to set up power ranger TR",https://www.mountainproject.com/route/105860676/positive-vibrations,6,"California > High Sierra > 02 - The Sawtooth Ridge > Incredible Hulk",4.0,-1,Follow,,"Trad, Alpine",,1200,4600
2025-08-21,"Red Dihedral (aka ""Yggdrasil"")",5.10,"Only led pitches 1+2 (linked), followed the rest",https://www.mountainproject.com/route/105852183/red-dihedral-aka-yggdrasil,12,"California > High Sierra > 02 - The Sawtooth Ridge > Incredible Hulk",3.5,-1,Lead,,"Trad, Alpine",,1500,3000
2025-08-15,"So It Goes",5.11c,"Move right on slopers at the end",https://www.mountainproject.com/route/200644812/so-it-goes,1,"Massachusetts > Western MA > Hanging Mountain > Corps Wall",1.9,-1,Lead,Fell/Hung,Sport,,,5200
2025-08-15,"Question of Convenience",5.11a,"Doubles .75-2 helpful ",https://www.mountainproject.com/route/127290476/question-of-convenience,1,"Massachusetts > Western MA > Hanging Mountain > Corps Wall",3.0,-1,Lead,Onsight,Trad,,,4600
2025-08-15,"Trad Route",5.10a,,https://www.mountainproject.com/route/201326211/trad-route,1,"Massachusetts > Western MA > Hanging Mountain > Corps Wall",1.6,-1,Lead,Onsight,Trad,,70,2600
2025-08-10,"Directississima (aka Doubleissima)",5.10b,"Worst conditions ever in full sun, got really pumped and hung a lot",https://www.mountainproject.com/route/105799077/directississima-aka-doubleissima,2,"New York > The Gunks > The Trapps > i. High E",3.8,-1,Lead,Fell/Hung,Trad,,200,2900
2025-08-10,Nosedive,5.10b,,https://www.mountainproject.com/route/105799032/nosedive,1,"New York > The Gunks > The Trapps > a1. The Uberfall - left",3.5,-1,TR,,Trad,,80,2900
2025-08-10,Nosedive,5.10b,"Too pumped at .5 crack at top ",https://www.mountainproject.com/route/105799032/nosedive,1,"New York > The Gunks > The Trapps > a1. The Uberfall - left",3.5,-1,Lead,Fell/Hung,Trad,,80,2900
2025-08-10,Retribution,5.10b,"Felt easier than before",https://www.mountainproject.com/route/105799038/retribution,1,"New York > The Gunks > The Trapps > a1. The Uberfall - left",3.0,-1,Lead,Redpoint,Trad,,75,2900
2025-08-02,"Suspension of Disbelief",5.12a,"Gear: micronut for seam, then singles from  .2-.75. For last crux, big move with right hand to sloper, then pinch small horizontal flake and make undercling moves with small feet",https://www.mountainproject.com/route/121585503/suspension-of-disbelief,1,"Massachusetts > Western MA > Hanging Mountain > Corps Wall",3.4,4,Lead,Fell/Hung,Trad,,70,6600
2025-08-02,"Photo 51",5.11b/c,"Good movement but quite dirty",https://www.mountainproject.com/route/121516588/photo-51,1,"Massachusetts > Western MA > Hanging Mountain > Corps Wall",3.0,3,Lead,Onsight,Trad,,70,5100
2025-08-02,"Severely Rational",5.10a,,https://www.mountainproject.com/route/121489382/severely-rational,1,"Massachusetts > Western MA > Hanging Mountain > Corps Wall",2.9,-1,Lead,Redpoint,Trad,,70,2600
2025-08-02,Acheron,5.11c,"Did last move statically this time",https://www.mountainproject.com/route/121516635/acheron,1,"Massachusetts > Western MA > Hanging Mountain > Corps Wall",2.7,-1,Lead,Redpoint,Sport,,50,5200
2025-07-19,"Cosmic Justice",5.11a,,https://www.mountainproject.com/route/122574096/cosmic-justice,1,"Massachusetts > Western MA > Hanging Mountain > Space Invaders",2.7,-1,Lead,Onsight,Sport,,45,4600
2025-07-19,"Nichelle's Dreams",5.9+,,https://www.mountainproject.com/route/122661018/nichelles-dreams,1,"Massachusetts > Western MA > Hanging Mountain > Space Invaders",2.5,-1,Lead,Onsight,Sport,,80,2500
2025-07-19,"Benign Masochism",5.10d,"Used #4 and #5 at roof, climbed it like a chimney, shoulder scrum on roof and smear feet on face",https://www.mountainproject.com/route/122230937/benign-masochism,1,"Massachusetts > Western MA > Hanging Mountain > Cloud Buttress",3.1,3,Lead,Onsight,Trad,5.10+,80,3500
2025-07-13,"High Exposure",5.6,"Last pitch after ridiculissima",https://www.mountainproject.com/route/105798994/high-exposure,1,"New York > The Gunks > The Trapps > i. High E",3.8,-1,Follow,,Trad,,250,1600
2025-07-13,"Directississima (aka Doubleissima)",5.10b,"Too pumped after second crux, next time don&#39;t climb in the sun, extend .4 before first crux to reduce drag",https://www.mountainproject.com/route/105799077/directississima-aka-doubleissima,2,"New York > The Gunks > The Trapps > i. High E",3.8,-1,Lead,Fell/Hung,Trad,,200,2900
2025-07-13,Eraserhead,5.12a,"Couldn&#39;t make crux move over roof",https://www.mountainproject.com/route/111820401/eraserhead,1,"New York > The Gunks > The Near Trapps > b. Workout Wall",3.0,-1,TR,,"Trad, TR",,60,6600
2025-07-13,Roseland,5.9,"Led p1 again to clean anchor",https://www.mountainproject.com/route/105821465/roseland,2,"New York > The Gunks > The Near Trapps > b. Workout Wall",3.3,-1,Lead,Onsight,Trad,,250,2400
2025-07-13,Ridicullissima,"5.10c/d PG13","Clean follow, save finger-sized gear for crux",https://www.mountainproject.com/route/105888125/ridicullissima,1,"New York > The Gunks > The Trapps > i. High E",3.9,-1,,,Trad,,180,3400
2025-07-05,"Low Exposure",5.11-,"Place #4 then high and deep #3 from stance below roof. Then LH use sidepull to get RH hand jam as high as possible, LH reach for good crimp on mini-arete. RF jam into roof crack, move RH hand jam high up, bring LF to good foothold on face. Then place .5, pull overhang and place #1. Anchor takes .2-.4",https://www.mountainproject.com/route/106456276/low-exposure,1,"New York > The Gunks > The Trapps > a2. The Uberfall - right",2.6,-1,Lead,Redpoint,Trad,,40,4700
2025-07-04,"Keep on Struttin'",5.9+,"P1 is a bit runout. Went right of bolt on p2, using some unchalked holds. ",https://www.mountainproject.com/route/105826771/keep-on-struttin,3,"New York > The Gunks > The Trapps > h. The Arrow Wall - CCK",3.6,-1,Lead,Onsight,Trad,,250,2500
2025-07-04,"Teeny Face",5.10a,"Went slightly off route before the anchor, traversed right instead of going straight up",https://www.mountainproject.com/route/106733193/teeny-face,2,"New York > The Gunks > The Trapps > i. High E",3.6,-1,Lead,Onsight,Trad,,120,2600
2025-07-04,Directissima,5.9,"Did 10b variation to link to GT ledge in one pitch. Heel hook on sidepull when climbing 10b crack",https://www.mountainproject.com/route/105799563/directissima,2,"New York > The Gunks > The Trapps > i. High E",3.7,-1,Lead,Onsight,Trad,,120,2400
2025-06-28,"Hard Core Female  Thrash",5.11c,,https://www.mountainproject.com/route/107797850/hard-core-female-thrash,1,"West Virginia > The New River Gorge Region > New River Gorge Proper > Kaymoor > 6. Butcher's Branch",3.4,-1,Lead,Redpoint,Sport,,70,5200
2025-06-28,"Hard Core Female  Thrash",5.11c,"Missed onsight by one move, throw LH to good sidepull higher up in crack after getting LF up. ",https://www.mountainproject.com/route/107797850/hard-core-female-thrash,1,"West Virginia > The New River Gorge Region > New River Gorge Proper > Kaymoor > 6. Butcher's Branch",3.4,-1,Lead,Fell/Hung,Sport,,70,5200
2025-06-28,"Flight of the Gumbie",5.9+,,https://www.mountainproject.com/route/105944377/flight-of-the-gumbie,1,"West Virginia > The New River Gorge Region > New River Gorge Proper > Kaymoor > 6. Butcher's Branch",3.5,-1,Lead,Onsight,Sport,,80,2500
2025-06-28,Springer,5.10b,"Thin and polished",https://www.mountainproject.com/route/105966922/springer,1,"West Virginia > The New River Gorge Region > New River Gorge Proper > Kaymoor > 6. Butcher's Branch",2.6,-1,Lead,Onsight,Sport,,75,2900
2025-06-28,"Low Voltage",5.10b,Pumpy,https://www.mountainproject.com/route/105966917/low-voltage,1,"West Virginia > The New River Gorge Region > New River Gorge Proper > Kaymoor > 6. Butcher's Branch",2.7,-1,Lead,Onsight,Sport,,70,2900
2025-06-27,"Out of the Bag",5.11d,,https://www.mountainproject.com/route/106461172/out-of-the-bag,2,"West Virginia > The New River Gorge Region > New River Gorge Proper > Kaymoor > 3. Rico Suave Buttress",3.6,-1,TR,,Sport,,80,5500
2025-06-27,"The Rico Suave Arete aka Rico Suave",5.10a,,https://www.mountainproject.com/route/105963848/the-rico-suave-arete-aka-rico-suave,1,"West Virginia > The New River Gorge Region > New River Gorge Proper > Kaymoor > 3. Rico Suave Buttress",3.5,-1,Lead,Onsight,Sport,,70,2600
2025-06-21,5.10-,5.10-,"Gunks Lost City crack",https://www.mountainproject.com/route/122321990/510,1,"* In Progress > Generic Area",3.0,-1,Lead,Onsight,Trad,,,2700
2025-06-21,"5.9 trad",5.9,"Gunks Lost City Amphitheater finger crack",https://www.mountainproject.com/route/112166365/59-trad,2,"* In Progress > Generic Area",3.0,-1,Lead,Onsight,Trad,,,2400
2025-06-21,"5.5 trad",5.5,"Gunks Lost City Amphitheater ",https://www.mountainproject.com/route/115125737/55-trad,1,"* In Progress > Generic Area",1.7,-1,Follow,,Trad,,,1500
2025-06-20,"Ken's Crack",5.7+,,https://www.mountainproject.com/route/105799779/kens-crack,1,"New York > The Gunks > The Trapps > a2. The Uberfall - right",3.0,-1,Lead,Onsight,Trad,,50,1900
2025-06-20,"Low Exposure",5.11-,"One hang below roof, RH high handjam, RF jam into roof crack, LH chicken wing and LF on small edges. #4, 2 #3, .4 and 1. ",https://www.mountainproject.com/route/106456276/low-exposure,1,"New York > The Gunks > The Trapps > a2. The Uberfall - right",2.6,-1,Lead,Fell/Hung,Trad,,40,4700
2025-06-20,"Airy Aria",5.8,,https://www.mountainproject.com/route/105806589/airy-aria,2,"New York > The Gunks > The Trapps > j. The Yellow Wall and The Seasons",3.1,-1,Lead,Onsight,Trad,,180,2100
2025-06-20,"Double Crack",5.8,,https://www.mountainproject.com/route/105806583/double-crack,1,"New York > The Gunks > The Trapps > j. The Yellow Wall and The Seasons",3.6,-1,Lead,Onsight,Trad,,150,2100
2025-06-20,Ursula,5.6,,https://www.mountainproject.com/route/105840288/ursula,2,"New York > The Gunks > The Trapps > i. High E",2.8,-1,Lead,Onsight,Trad,,180,1600
2025-06-15,"Pet the Rabbits",5.12b,"Climbed the bottom really inefficiently, using new beta every try",https://www.mountainproject.com/route/121443922/pet-the-rabbits,1,"Massachusetts > Western MA > Hanging Mountain > Acorn Face/Squirrel Wall",3.0,-1,Lead,Redpoint,Sport,,65,6900
2025-06-15,"Pet the Rabbits",5.12b,,https://www.mountainproject.com/route/121443922/pet-the-rabbits,1,"Massachusetts > Western MA > Hanging Mountain > Acorn Face/Squirrel Wall",3.0,-1,Lead,Fell/Hung,Sport,,65,6900
2025-06-15,"Fever Dreams",5.11d,".5 and .4 protects start, aided through roof, placed .3-.5 afterwards ",https://www.mountainproject.com/route/122295431/fever-dreams,1,"Massachusetts > Western MA > Hanging Mountain > Cloud Buttress",3.3,-1,Lead,Fell/Hung,Trad,,80,5500
2025-06-15,"Cost of Admission",5.11b,,https://www.mountainproject.com/route/121529748/cost-of-admission,1,"Massachusetts > Western MA > Hanging Mountain > Cloud Buttress",2.7,-1,Lead,Redpoint,Trad,,60,4900
2025-06-15,"Pillow Talk",5.11a,"Felt good placing gear from finger locks, did actual ending which is between cloud 9 and psychedelic honey ",https://www.mountainproject.com/route/121616837/pillow-talk,1,"Massachusetts > Western MA > Hanging Mountain > Cloud Buttress",3.2,-1,Lead,Redpoint,Trad,,85,4600
2025-06-15,Aviatrix,5.10d,,https://www.mountainproject.com/route/126203015/aviatrix,1,"Massachusetts > Western MA > Hanging Mountain > Cloud Buttress",2.4,-1,Lead,Redpoint,Trad,,70,3500
2025-06-15,"Hidden Figures",5.9,,https://www.mountainproject.com/route/122587083/hidden-figures,1,"Massachusetts > Western MA > Hanging Mountain > Space Invaders",2.9,-1,Lead,Onsight,Sport,,80,2400
2025-06-08,"Frisky Business",5.12a,"Big dead point move out right",https://www.mountainproject.com/route/127290374/frisky-business,1,"Massachusetts > Western MA > Hanging Mountain > Corps Wall",1.8,-1,TR,,Trad,,45,6600
2025-06-08,Acheron,5.11c,"Should try and send it next time",https://www.mountainproject.com/route/121516635/acheron,1,"Massachusetts > Western MA > Hanging Mountain > Corps Wall",2.7,-1,TR,Onsight,Sport,,50,5200
2025-06-08,"Double Standard Left",5.9,,https://www.mountainproject.com/route/121495847/double-standard-left,1,"Massachusetts > Western MA > Hanging Mountain > Corps Wall",2.4,-1,Lead,Redpoint,Trad,,40,2400
2025-06-08,"Eminent Domain",5.12a,,https://www.mountainproject.com/route/121421061/eminent-domain,2,"Massachusetts > Western MA > Hanging Mountain > Corps Wall",3.8,-1,Lead,Fell/Hung,Sport,,70,6600
2025-06-08,"Butterfly Effect",5.10a,,https://www.mountainproject.com/route/121496484/butterfly-effect,1,"Massachusetts > Western MA > Hanging Mountain > Murdock Wall",2.4,-1,Lead,Onsight,Sport,,95,2600
2025-06-08,"The Invitation",5.10b,,https://www.mountainproject.com/route/121415797/the-invitation,1,"Massachusetts > Western MA > Hanging Mountain > Murdock Wall",3.1,-1,Lead,Onsight,Sport,,90,2900
2025-06-01,"Shape Shifter",5.12c,"Very stretched on the move to LH pinch, afterwards need to use big sloper for RH as a sidepull, get RF and LF up then make big RH move to slot. ",https://www.mountainproject.com/route/106708800/shape-shifter,2,"Connecticut > Eastern Coastal Slope > Chatfield Hollow Main Wall",3.8,-1,TR,,Sport,,55,7200
2025-06-01,Pisces,5.12a/b,"Moves to the right are quite hard, after clipping second bolt there are good edges, horizontal takes .5-1",https://www.mountainproject.com/route/106460438/pisces,1,"Connecticut > Eastern Coastal Slope > Chatfield Hollow Main Wall",2.5,-1,TR,,"Trad, TR",,75,6800
2025-06-01,"Forearm Frenzy",5.11b,,https://www.mountainproject.com/route/106051786/forearm-frenzy,1,"Connecticut > Eastern Coastal Slope > Chatfield Hollow Main Wall",3.7,-1,TR,,Trad,,90,4900
2025-05-25,"Kiddy Crack",5.3,,https://www.mountainproject.com/route/120395429/kiddy-crack,1,"Connecticut > Eastern Coastal Slope > Chatfield Hollow Main Wall",1.7,-1,Solo,,"Trad, TR",,,1300
2025-05-25,"Forearm Frenzy",5.11b,"Only placed blue totem before crux, saved a lot of energy",https://www.mountainproject.com/route/106051786/forearm-frenzy,1,"Connecticut > Eastern Coastal Slope > Chatfield Hollow Main Wall",3.7,-1,Lead,Redpoint,Trad,,90,4900
2025-05-25,"Hollow Head Crew/Forearm Direct",5.12a,,https://www.mountainproject.com/route/106460429/hollow-head-crewforearm-direct,1,"Connecticut > Eastern Coastal Slope > Chatfield Hollow Main Wall",3.4,-1,TR,,"Trad, Sport",,55,6600
2025-05-25,"Hollow Head Crew/Forearm Direct",5.12a,"Prehung quick draws, then placed #2, blue totem, #2 after. ",https://www.mountainproject.com/route/106460429/hollow-head-crewforearm-direct,1,"Connecticut > Eastern Coastal Slope > Chatfield Hollow Main Wall",3.4,-1,Lead,Redpoint,"Trad, Sport",,55,6600
2025-05-25,P&H,5.7,Wet,https://www.mountainproject.com/route/106318042/ph,1,"Connecticut > Eastern Coastal Slope > Chatfield Hollow Main Wall",2.2,-1,Lead,Onsight,Trad,,40,1800
2025-05-24,"Wet Wall",5.6,,https://www.mountainproject.com/route/105801023/wet-wall,2,"Connecticut > Central Valley > Ragged Mountain > Main Cliff",2.8,-1,TR,,Trad,,100,1600
2025-05-24,Broadway,5.8,,https://www.mountainproject.com/route/105799509/broadway,1,"Connecticut > Central Valley > Ragged Mountain > Main Cliff",3.2,-1,Lead,Redpoint,Trad,,100,2100
2025-05-24,"Hemlock Groove",5.6,,https://www.mountainproject.com/route/106910687/hemlock-groove,1,"Connecticut > Central Valley > Ragged Mountain > Main Cliff",2.4,-1,TR,,Trad,,95,1600
2025-05-24,Netherlands,"5.10a R",,https://www.mountainproject.com/route/105976960/netherlands,1,"Connecticut > Central Valley > Ragged Mountain > Main Cliff",3.0,-1,TR,,TR,,90,2600
2025-05-24,"YMC Route",5.9,,https://www.mountainproject.com/route/105800455/ymc-route,1,"Connecticut > Central Valley > Ragged Mountain > Main Cliff",3.3,-1,TR,,Trad,,100,2400
2025-05-22,"Fools Gold","5.10a/b PG13",,https://www.mountainproject.com/route/105849794/fools-gold,1,"Nevada > Southern Nevada > Red Rocks > Second Pullout (Calico II) > The Black Corridor > Upper Level > Upper Level - Left",2.7,-1,Lead,Onsight,Sport,,55,2800
2025-05-22,"Black Gold","5.10b PG13",,https://www.mountainproject.com/route/105849782/black-gold,1,"Nevada > Southern Nevada > Red Rocks > Second Pullout (Calico II) > The Black Corridor > Upper Level > Upper Level - Left",2.4,-1,Lead,Onsight,Sport,,55,2900
2025-05-22,"Great Red Book",5.8,,https://www.mountainproject.com/route/105732647/great-red-book,2,"Nevada > Southern Nevada > Red Rocks > Second Pullout (Calico II) > The Great Red Book Area",3.4,-1,Lead,Onsight,Trad,,250,2100
2025-05-22,"Dancin' with a God",5.10a,,https://www.mountainproject.com/route/105732545/dancin-with-a-god,1,"Nevada > Southern Nevada > Red Rocks > Second Pullout (Calico II) > The Black Corridor > Upper Level > Upper Level - Left",2.6,-1,Lead,Onsight,Sport,,50,2600
2025-05-22,"Crude Behavior",5.9,,https://www.mountainproject.com/route/105732542/crude-behavior,1,"Nevada > Southern Nevada > Red Rocks > Second Pullout (Calico II) > The Black Corridor > Upper Level > Upper Level - Left",2.1,-1,Lead,Onsight,Sport,,50,2400
2025-05-21,"The Fox",5.10+,"Clean TR, toughest section was .75 thin hands, arm-jam for fists section, offwidth was ok. ",https://www.mountainproject.com/route/105732254/the-fox,1,"Nevada > Southern Nevada > Red Rocks > Calico Basin > Red Spring > The Fox Area > The Fox Cliff",3.9,-1,TR,,Trad,,140,3300
2025-05-21,Trihardral,5.8,"Led 2",https://www.mountainproject.com/route/105732869/trihardral,4,"Nevada > Southern Nevada > Red Rocks > First Creek Canyon > Lotta Balls Wall",2.3,-1,Lead,Onsight,,,400,2100
2025-05-20,"Crimson Chrysalis",5.8+,"Led 2+3, 4, 5+6, 8+9",https://www.mountainproject.com/route/105732281/crimson-chrysalis,9,"Nevada > Southern Nevada > Red Rocks > Juniper Canyon > Cloud Tower",3.6,-1,Lead,Onsight,Trad,,1000,2200
2025-05-19,"Plumber's Crack","5.9 V2 R","Downclimbed the chimney too",https://www.mountainproject.com/route/107185645/plumbers-crack,1,"Nevada > Southern Nevada > Red Rock Boulders > Calico Basin Boulders > Kraft Boulders > Main Area > The Split Boulder",3.7,-1,Flash,,Boulder,,40,2400
2025-05-19,"Slot Machine",5.10,"Used green dragonfly for crux",https://www.mountainproject.com/route/105732722/slot-machine,1,"Nevada > Southern Nevada > Red Rocks > Pine Creek Canyon > Mescalito > Dark Shadows Wall",3.3,4,Lead,Onsight,Trad,,,3000
2025-05-19,"Dark Shadows",5.8,"Followed 1+2, linked 3+4",https://www.mountainproject.com/route/105732380/dark-shadows,4,"Nevada > Southern Nevada > Red Rocks > Pine Creek Canyon > Mescalito > Dark Shadows Wall",3.6,-1,Lead,Onsight,Trad,,350,2100
2025-05-03,"Forearm Frenzy",5.11b,"One hang before crux, but managed to pull crux above gear. ",https://www.mountainproject.com/route/106051786/forearm-frenzy,1,"Connecticut > Eastern Coastal Slope > Chatfield Hollow Main Wall",3.7,-1,Lead,Fell/Hung,Trad,,90,4900
2025-05-03,"Hollow Head Crew/Forearm Direct",5.12a,,https://www.mountainproject.com/route/106460429/hollow-head-crewforearm-direct,3,"Connecticut > Eastern Coastal Slope > Chatfield Hollow Main Wall",3.4,-1,TR,,"Trad, Sport",,55,6600
2025-04-27,Subline,5.11a,,https://www.mountainproject.com/route/105804982/subline,2,"Connecticut > Central Valley > Ragged Mountain > Main Cliff",3.7,-1,TR,,Trad,,,4600
2025-04-27,"Unconquerable Crack",5.9+,,https://www.mountainproject.com/route/105799132/unconquerable-crack,1,"Connecticut > Central Valley > Ragged Mountain > Main Cliff",3.5,-1,TR,,Trad,,80,2500
2025-04-27,"Carey Corner",5.8,,https://www.mountainproject.com/route/105799429/carey-corner,2,"Connecticut > Central Valley > Ragged Mountain > Main Cliff",3.1,-1,TR,,Trad,,100,2100
2025-04-20,"Slightly Removed",5.11,,https://www.mountainproject.com/route/109721207/slightly-removed,3,"Connecticut > Western Coastal Slope > West Rock State Park > South Buttress > Old Quarry Walls",3.6,-1,TR,,Sport,,100,5000
2025-04-20,Psychonautics,5.9,,https://www.mountainproject.com/route/111854073/psychonautics,1,"Connecticut > Western Coastal Slope > West Rock State Park > South Buttress > Old Quarry Walls",2.9,-1,Lead,Onsight,Sport,,70,2400
2025-04-19,Birdbrain,"5.12a R",,https://www.mountainproject.com/route/109199024/birdbrain,1,"New York > The Gunks > The Near Trapps > b. Workout Wall",2.8,-1,TR,,"Trad, TR",,80,6600
2025-04-19,Birdland,5.8+,,https://www.mountainproject.com/route/105800395/birdland,1,"New York > The Gunks > The Near Trapps > b. Workout Wall",3.6,-1,Follow,,Trad,,200,2200
2025-04-19,"Bird Cage",5.10b,"One hang at fixed nut to check out gear, nut can be backed up with marginal black totem. ",https://www.mountainproject.com/route/105799578/bird-cage,1,"New York > The Gunks > The Near Trapps > b. Workout Wall",3.7,-1,Lead,Fell/Hung,Trad,,100,2900
2025-04-19,"Transcontinental Nailway",5.10b,"Clean follow, can try to lead this next time.",https://www.mountainproject.com/route/105799676/transcontinental-nailway,1,"New York > The Gunks > The Near Trapps > b. Workout Wall",3.5,-1,Follow,,Trad,,100,2900
2025-04-19,"Fat City Direct","5.10d PG13","Followed first pitch clean, small gear (.1 or smaller) before final roof crux, then pull roof using crimps and aim for good chalked jug towards the right. Second pitch crux is really runout and only protected by fixed pin way below, need to be really solid at the grade to lead. ",https://www.mountainproject.com/route/105798943/fat-city-direct,2,"New York > The Gunks > The Near Trapps > a. Beginning of cliff to Gelsa",3.9,4,Follow,,Trad,,150,3500
2025-04-19,"Inverted Layback",5.9,"Good climb",https://www.mountainproject.com/route/105804922/inverted-layback,2,"New York > The Gunks > The Near Trapps > a. Beginning of cliff to Gelsa",3.3,-1,Follow,,Trad,,140,2400
2025-04-13,"Forearm Frenzy",5.11b,"Messed up beta at crux. Gear: .75, .5, 1, .75, 2 (rest), blue/black totem, 1 (optional), 2. At crux: LH on triangular sidepull, RH to crimp, LH to fingerlock on crack, LF kick out, RF backstep on hidden left facing nub, RH throw for jug. ",https://www.mountainproject.com/route/106051786/forearm-frenzy,1,"Connecticut > Eastern Coastal Slope > Chatfield Hollow Main Wall",3.7,-1,Lead,Fell/Hung,Trad,,90,4900
2025-04-13,"Hollow Head Crew/Forearm Direct",5.12a,"Worked on TR, bring a brush for slopey crimps next time. To first bolt: LH on sloper edge, RH deadpoint to small crimp, crank hard and get LH to left crimp on rail, match on better RH crimp, then LH full reach to good crimp below bolt. ",https://www.mountainproject.com/route/106460429/hollow-head-crewforearm-direct,2,"Connecticut > Eastern Coastal Slope > Chatfield Hollow Main Wall",3.4,-1,TR,,"Trad, Sport",,55,6600
2025-04-05,"Trapped in the Creek",5.7,"+2 TR pitches ",https://www.mountainproject.com/route/116497438/trapped-in-the-creek,3,"Connecticut > Western Coastal Slope > West Rock State Park > South Buttress > Ball Field Slabs",3.2,-1,Lead,Onsight,Trad,,40,1800
2025-03-28,"The Bloody Beetroots",5.11a,"Slopey holds near the top mantel, a little insecure",https://www.mountainproject.com/route/107320972/the-bloody-beetroots,1,"Connecticut > Eastern Coastal Slope > Chatfield Hollow Main Wall",2.6,-1,Lead,Flash,Sport,,,4600
2025-03-28,"Don't do it Hank's way",5.6,,https://www.mountainproject.com/route/106283919/dont-do-it-hanks-way,1,"Connecticut > Eastern Coastal Slope > Chatfield Hollow Main Wall",2.1,-1,Lead,Onsight,"Trad, TR",,40,1600
2025-03-28,"Forearm Frenzy",5.11b,,https://www.mountainproject.com/route/106051786/forearm-frenzy,1,"Connecticut > Eastern Coastal Slope > Chatfield Hollow Main Wall",3.7,-1,TR,,Trad,,90,4900
2025-03-28,"Forearm Frenzy",5.11b,".5-1 for diagonal crack, place #3 at horizontal, then place black totem from RH sidepull, back up with #1, then use crimps to right of crack to get to good jug, place #2 then top out. ",https://www.mountainproject.com/route/106051786/forearm-frenzy,1,"Connecticut > Eastern Coastal Slope > Chatfield Hollow Main Wall",3.7,-1,Lead,Fell/Hung,Trad,,90,4900
2025-03-14,"Tax Evasion Haven",5.9+,,https://www.mountainproject.com/route/108835360/tax-evasion-haven,1,"Connecticut > Western Coastal Slope > West Rock State Park > South Buttress > Old Quarry Walls",2.5,-1,TR,,Sport,,80,2500
2025-03-14,"Crackrock Corner",5.9,,https://www.mountainproject.com/route/108835195/crackrock-corner,1,"Connecticut > Western Coastal Slope > West Rock State Park > South Buttress > Old Quarry Walls",2.8,-1,Lead,Onsight,Sport,,80,2400
2025-03-14,"Happiness Is a Warm Drill (CAUTION: See Comments below)",5.9,,https://www.mountainproject.com/route/111870755/happiness-is-a-warm-drill-caution-see-comments-below,1,"Connecticut > Western Coastal Slope > West Rock State Park > South Buttress > Old Quarry Walls",3.2,-1,Lead,Onsight,Sport,,100,2400
2025-03-09,Subline,5.11a,"Had to hang twice to figure out beta, seems well protected except beginning roof pull. ",https://www.mountainproject.com/route/105804982/subline,1,"Connecticut > Central Valley > Ragged Mountain > Main Cliff",3.7,-1,TR,,Trad,,,4600
2025-03-09,"Unconquerable Crack",5.9+,,https://www.mountainproject.com/route/105799132/unconquerable-crack,1,"Connecticut > Central Valley > Ragged Mountain > Main Cliff",3.5,-1,TR,,Trad,,80,2500
2025-03-09,"Unconquerable Crack",5.9+,"Less crack climbing than I remembered",https://www.mountainproject.com/route/105799132/unconquerable-crack,1,"Connecticut > Central Valley > Ragged Mountain > Main Cliff",3.5,-1,Lead,Redpoint,Trad,,80,2500
2025-02-09,"Finger Lickin'",5.10d,"TR Solo. Nails hard, Couldn&#39;t figure out fingers section after horizontal crimp rail. Had to layback top fingers section. ",https://www.mountainproject.com/route/106578519/finger-lickin,2,"California > Yosemite National Park > Yosemite Valley > Lower Merced River Canyon > Af. Finger Lickin' Area",3.9,-1,TR,,Trad,,80,3500
2025-02-08,"Five and Dime",5.10d,"TR solo. Could do every move but couldn&#39;t link without resting",https://www.mountainproject.com/route/105870690/five-and-dime,4,"California > Yosemite National Park > Yosemite Valley > Lower Merced River Canyon > Au. Five and Dime Cliff",3.7,-1,TR,,Trad,,80,3500
2024-12-24,Epinephrine,5.9,"14 pitches total. Linked P1-2, carry pack on p3, hauled bag for 4 chimney pitches (used midway anchor for p5, and hanging belay at chimney&#39;s end for hauling). Simuled after last bolted anchor then belayed to pine tree for last pitch. 9.5 hours from bottom to pine tree, 4 hours descent (caught in a storm right after topping out)",https://www.mountainproject.com/route/105732422/epinephrine,13,"Nevada > Southern Nevada > Red Rocks > Black Velvet Canyon > Black Velvet Wall",3.9,-1,Lead,Flash,Trad,,1600,2400
2024-12-22,Armatron,5.9-,"Linked P1-2, 4-5. Built gear anchor after P5",https://www.mountainproject.com/route/105809181/armatron,6,"Nevada > Southern Nevada > Red Rocks > Juniper Canyon > Brownstone Wall",3.6,-1,Lead,Onsight,Trad,,680,2300
2024-12-20,"Full Disclosure",5.10b,"Led pitches 1, 5-6 (linked) ,7 (5.10b variation)",https://www.mountainproject.com/route/124797662/full-disclosure,9,"Nevada > Southern Nevada > Red Rocks > Calico Basin > Ash Spring > Ash Canyon > Tank Peak, East Face",3.1,-1,Lead,Onsight,Sport,,850,2900
2024-11-29,Tarzan,5.8+,"Very pumpy. Placed #4 and 2 #3s around crux, next time try to use the offwidth on the left.",https://www.mountainproject.com/route/106225509/tarzan,1,"Massachusetts > Central, MA > Crow Hill and Leominster Area > Crow Hill > 3. Fisherman's Wall",2.9,-1,Lead,Onsight,Trad,,60,2200
2024-11-29,Jane,"5.11a PG13","No real rest at pod, need to place .3/.4 from sidepull then fire the crux. Top is steep and dirty climbing on good holds, takes .5-2. To do the crux, RH on sidepull around .4 placement, then LH reach straight for good rail, throw RH into handjam",https://www.mountainproject.com/route/106128569/jane,1,"Massachusetts > Central, MA > Crow Hill and Leominster Area > Crow Hill > 3. Fisherman's Wall",3.5,-1,TR,,"Trad, TR",,100,4600
2024-11-29,Cro-Magnon,5.10b/c,,https://www.mountainproject.com/route/106126391/cro-magnon,1,"Massachusetts > Central, MA > Crow Hill and Leominster Area > Crow Hill > 3. Fisherman's Wall",3.7,-1,Follow,,"Trad, TR",,50,3100
2024-11-29,"Thin Line","5.9- PG13","Pumpy warmup but good gear",https://www.mountainproject.com/route/107651747/thin-line,1,"Massachusetts > Central, MA > Crow Hill and Leominster Area > Crow Hill > 5. Main Face",3.2,-1,Lead,Onsight,Trad,,50,2300
2024-11-24,"5.12a sport",5.12a,"Hard as an Oosik, Farley. Try to rest at ledge before roof, use hand jams. At roof, LH on good pinch, RH go to undercling, LH to jug and clip. Then heel hook right foot to pull roof. LH finger locks in crack after roof.",https://www.mountainproject.com/route/112166339/512a-sport,2,"* In Progress > Generic Area",3.0,-1,Lead,Fell/Hung,Sport,,,6600
2024-11-24,"5.8+ sport",5.8+,"Air blast, Farley",https://www.mountainproject.com/route/122207267/58-sport,1,"* In Progress > Generic Area",3.0,-1,Lead,Onsight,Sport,,,2200
2024-11-24,"5.8 sport",5.8,"Jungle Fever, Farley. ",https://www.mountainproject.com/route/112166269/58-sport,1,"* In Progress > Generic Area",2.6,-1,,,Sport,,,2100
2024-11-24,"5.10c sport",5.10c,"Vinyl Siding, Farley.",https://www.mountainproject.com/route/112166317/510c-sport,1,"* In Progress > Generic Area",2.6,-1,Lead,Onsight,Sport,,,3200
2024-11-24,"5.10b sport",5.10b,"Latino Hillbilly Farley, crux holds are better then they look ",https://www.mountainproject.com/route/112166299/510b-sport,1,"* In Progress > Generic Area",2.8,-1,Lead,Onsight,Sport,,,2900
2024-11-24,"5.10c sport",5.10c,"Point of Contact, Farley. Hand jams at roof ",https://www.mountainproject.com/route/112166317/510c-sport,1,"* In Progress > Generic Area",2.6,-1,Lead,Flash,Sport,,,3200
2024-11-24,"5.10a sport",5.10a,"Farley Alaskan Arete, went right at crux",https://www.mountainproject.com/route/112166313/510a-sport,1,"* In Progress > Generic Area",2.6,-1,Lead,Onsight,Sport,,,2600
2024-11-17,"Golden Stripe",5.11d,"Third try, suboptimal beta for undercling. At the middle, LH on side pull, RH on right (not middle) crimp, high right foot and big reach for good hold with LH. At top, LH side pull from no hands rest, RH onto nub, then LH high to slot.",https://www.mountainproject.com/route/120938779/golden-stripe,3,"New Hampshire > WM: Lincoln/Woodstock Area > Russell Crags (in Merriam Woods) > Main Cliff Area > The Stolen Buttress - Main Cliff Left",3.7,-1,Lead,Redpoint,Sport,,75,5500
2024-11-17,Moonstripe,5.10a,,https://www.mountainproject.com/route/121330301/moonstripe,1,"New Hampshire > WM: Lincoln/Woodstock Area > Russell Crags (in Merriam Woods) > Main Cliff Area > The Stolen Buttress - Main Cliff Left",3.7,-1,Lead,Redpoint,Sport,,100,2600
2024-11-17,Wasabi,5.10a,,https://www.mountainproject.com/route/121172404/wasabi,1,"New Hampshire > WM: Lincoln/Woodstock Area > Russell Crags (in Merriam Woods) > Main Cliff Area > Meat Alcove",1.5,-1,Lead,Flash,Sport,,40,2600
2024-11-17,"Supermarket Sushi",5.12a,"Couldn&#39;t pull through shoulder move, need a very deep lock off or be dynamic",https://www.mountainproject.com/route/121156694/supermarket-sushi,1,"New Hampshire > WM: Lincoln/Woodstock Area > Russell Crags (in Merriam Woods) > Main Cliff Area > Meat Alcove",2.8,-1,Lead,Fell/Hung,Sport,,35,6600
2024-11-10,"Eminent Domain",5.12a,"Almost send. A .75 protects start if not using stick clip. At lower crux, LH sidepull on small intermediate hold, RH reach for good fingerlock, bring feet up then clip. Good knee bar with no hands rest at beginning of corner. Place .4 then hang a long draw, once draw is there clipping stance is good. At last crux, RH to high undercling, move RF to shallow pocket, LF on high sideways hold, RH back to lower undercling, LH move to sidepull (using thumb catch), RH crossover to high incut crimp, LH to intermediate crimp, bring feet up and throw LH to finishing jug. ",https://www.mountainproject.com/route/121421061/eminent-domain,4,"Massachusetts > Western MA > Hanging Mountain > Corps Wall",3.8,-1,Lead,Fell/Hung,Sport,,70,6600
2024-11-10,"Severely Rational",5.10a,,https://www.mountainproject.com/route/121489382/severely-rational,1,"Massachusetts > Western MA > Hanging Mountain > Corps Wall",2.9,-1,Follow,,Trad,,70,2600
2024-11-10,"Double Standard Left",5.9,Warmup,https://www.mountainproject.com/route/121495847/double-standard-left,1,"Massachusetts > Western MA > Hanging Mountain > Corps Wall",2.4,-1,Follow,,Trad,,40,2400
2024-11-04,"5.12b sport",5.12b,"Farley Target Practice, move to no hands rest at halfway ledge before clipping. At crux, RH onto sloper pinch then LH match, then reach up with RH into slot, the hold becomes better further in. ",https://www.mountainproject.com/route/112170129/512b-sport,2,"* In Progress > Generic Area",3.2,-1,Lead,Fell/Hung,Sport,,,6900
2024-11-04,5.11c/d,5.11c/d,"Farley Six-foot Man Roof, roof is very hard and reachy, couldn&#39;t pull over",https://www.mountainproject.com/route/122023975/511cd,1,"* In Progress > Generic Area",3.2,-1,Lead,Fell/Hung,Sport,,,5400
2024-11-04,"5.10d sport",5.10d,"Farley Crimptomite, used handjam to the right at crux",https://www.mountainproject.com/route/112166322/510d-sport,1,"* In Progress > Generic Area",2.8,-1,Lead,Onsight,Sport,,,3500
2024-10-27,"Lookout Crack",5.9-,"Painful locks following with huge backpack",https://www.mountainproject.com/route/105948637/lookout-crack,1,"New Hampshire > *Cathedral Ledge > Tourist Overlook",2.4,-1,Follow,,Trad,,30,2300
2024-10-27,"Pine Tree Eliminate",5.8+,,https://www.mountainproject.com/route/105920872/pine-tree-eliminate,1,"New Hampshire > *Cathedral Ledge > Airation Buttress",3.4,-1,Follow,,Trad,,90,2200
2024-10-27,"Upper Refuse",5.5,"Linked from Black Lung ",https://www.mountainproject.com/route/105938018/upper-refuse,2,"New Hampshire > *Cathedral Ledge > Barber Wall",3.1,-1,Follow,,Trad,,200,1500
2024-10-27,"Black Lung",5.8,,https://www.mountainproject.com/route/105922841/black-lung,1,"New Hampshire > *Cathedral Ledge > Barber Wall",3.1,-1,Follow,,Trad,,100,2100
2024-10-27,"Fun House",5.7,"Linked in 1 pitch all the way through the offwidth at the top",https://www.mountainproject.com/route/105925756/fun-house,2,"New Hampshire > *Cathedral Ledge > Lower Left Wall / Ventilator Slabs",3.0,-1,Lead,Onsight,Trad,,150,1800
2024-10-27,Airation,5.11a,,https://www.mountainproject.com/route/105920901/airation,1,"New Hampshire > *Cathedral Ledge > Airation Buttress",3.7,-1,TR,,Trad,,,4600
2024-10-26,"Standard Route","5.5 R","Missed quartz crystal belay and ended up at an anchor to its right instead. Caught in the rain at thread belay. Waited 30 mins for the slabs to dry out. Did 5.7 variation. 4.5h car to car",https://www.mountainproject.com/route/105910131/standard-route,9,"New Hampshire > *Whitehorse Ledge > 07. The Slabs",3.4,-1,Lead,Redpoint,Trad,,1100,1500
2024-10-26,"The Cormier-Magness Route",5.6,"Linked p5+6 (right variation reduces drag), simuled 7+8. 2.5 hours car to car",https://www.mountainproject.com/route/107776130/the-cormier-magness-route,8,"New Hampshire > *Whitehorse Ledge > 07. The Slabs",3.3,-1,Lead,Onsight,Trad,,1150,1600
2024-10-26,"Upper Refuse",5.5,"70m rope makes it to the tree belay near the top",https://www.mountainproject.com/route/105938018/upper-refuse,3,"New Hampshire > *Cathedral Ledge > Barber Wall",3.1,-1,Follow,,Trad,,200,1500
2024-10-26,"Three Birches",5.8+,"First pitch&#39;s layback is very strenuous, second pitch needs #3/4 to protect layback offwidth. Pendulum right to end on funhouse, slab ending looks very dirty",https://www.mountainproject.com/route/105921650/three-birches,3,"New Hampshire > *Cathedral Ledge > Lower Left Wall / Ventilator Slabs",2.5,-1,Lead,Fell/Hung,Trad,,210,2200
2024-10-19,"The Golden Ratio",5.12a,"Bolt to bolt on a hot day, next time climb it in the shade in the morning. Didn&#39;t try the traverse",https://www.mountainproject.com/route/120763382/the-golden-ratio,1,"New Hampshire > WM: Lincoln/Woodstock Area > Russell Crags (in Merriam Woods) > Main Cliff Area > Jeremy's Wall - Main Cliff upper right",3.6,-1,Lead,Fell/Hung,Sport,,90,6600
2024-10-19,"5.12a sport",5.12a,"Way of Kings, Exile crag with Jeff, first 5.12 send!",https://www.mountainproject.com/route/112166339/512a-sport,3,"* In Progress > Generic Area",3.0,-1,Lead,Redpoint,Sport,,,6600
2024-10-19,"5.10c sport",5.10c,"Hang tennish, Exile crag with Jeff",https://www.mountainproject.com/route/112166317/510c-sport,1,"* In Progress > Generic Area",2.6,-1,Lead,Onsight,Sport,,,3200
2024-10-19,"5.10b sport",5.10b,"Exile crag with Jeff",https://www.mountainproject.com/route/112166299/510b-sport,1,"* In Progress > Generic Area",2.8,-1,Lead,Onsight,Sport,,,2900
2024-10-11,"5.11a sport",5.11a,"Cuttlefish, Farley wall of early morning light. Very pumpy when hanging draws, sent second try, move fast between the slopey holds. ",https://www.mountainproject.com/route/112166325/511a-sport,2,"* In Progress > Generic Area",3.0,-1,Lead,Redpoint,Sport,,,4600
2024-10-11,5.11c/d,5.11c/d,"Pineapple Trainwreck, Farley yellow wall. Thin first 3 bolts, good rests then LH sidepull, high RF, flag LF and crossover with RH. Finished with one more TR lap",https://www.mountainproject.com/route/122023975/511cd,2,"* In Progress > Generic Area",3.2,-1,Lead,Onsight,Sport,,,5400
2024-10-11,"5.12a sport",5.12a,"Octopus Balls, Farley wall of early morning light. Tried to lock-off on good hold but couldn&#39;t reach 2-finger pocket with LH. Next time try with RH. ",https://www.mountainproject.com/route/112166339/512a-sport,1,"* In Progress > Generic Area",3.0,-1,TR,,Sport,,,6600
2024-10-11,"5.9 sport",5.9,"Eye Opener, Farley wall of early morning light",https://www.mountainproject.com/route/112166293/59-sport,1,"* In Progress > Generic Area",2.5,-1,Lead,Redpoint,Sport,,,2400
2024-10-06,"Hoagies and Grinders",5.11b,"Keep to arete for full value",https://www.mountainproject.com/route/124098337/hoagies-and-grinders,1,"New Hampshire > WM: Lincoln/Woodstock Area > Russell Forest > Y Crag",3.3,4,Lead,Onsight,Sport,,,4900
2024-10-06,"Nick's Memorial Roof",5.10d,,https://www.mountainproject.com/route/120755947/nicks-memorial-roof,1,"New Hampshire > WM: Lincoln/Woodstock Area > Russell Crags (in Merriam Woods) > The Balcony",3.4,-1,Lead,Flash,Sport,,85,3500
2024-10-06,"Forever's Last Stand",5.10b/c,,https://www.mountainproject.com/route/120898919/forevers-last-stand,1,"New Hampshire > WM: Lincoln/Woodstock Area > Russell Crags (in Merriam Woods) > The Balcony",3.6,-1,Lead,Onsight,Sport,,70,3100
2024-10-06,"October Surprise",5.12a,"Move left after roof. This time tried to match on LH crimp the bump LH to gaston, ran out of skin. ",https://www.mountainproject.com/route/120938810/october-surprise,2,"New Hampshire > WM: Lincoln/Woodstock Area > Russell Crags (in Merriam Woods) > Main Cliff Area > The Stolen Buttress - Main Cliff Left",3.8,-1,Lead,Fell/Hung,Sport,,65,6600
2024-10-06,Moonstripe,5.10a,,https://www.mountainproject.com/route/121330301/moonstripe,1,"New Hampshire > WM: Lincoln/Woodstock Area > Russell Crags (in Merriam Woods) > Main Cliff Area > The Stolen Buttress - Main Cliff Left",3.7,-1,Lead,Redpoint,Sport,,100,2600
2024-09-30,Lakatakissima,5.10a/b,"Only did 5.8 second pitch after climbing Doubleissima",https://www.mountainproject.com/route/110980901/lakatakissima,1,"New York > The Gunks > The Trapps > i. High E",2.5,-1,Lead,Onsight,Trad,,80,2800
2024-09-28,"CCK Direct","5.9 PG13","Roof after the flake takes green/red dragonflys, save #3 for the final handcrack. ",https://www.mountainproject.com/route/105801940/cck-direct,2,"New York > The Gunks > The Trapps > h. The Arrow Wall - CCK",3.8,-1,Lead,Onsight,Trad,,240,2400
2024-09-28,"Directississima (aka Doubleissima)",5.10b,"Clean follow",https://www.mountainproject.com/route/105799077/directississima-aka-doubleissima,2,"New York > The Gunks > The Trapps > i. High E",3.8,-1,Follow,,Trad,,200,2900
2024-09-28,"Directississima (aka Doubleissima)",5.10b,"Hung at two cruxes to figure out the gear. From ledge to first crux: black totem/microcam, .5 then .4. RH crimp, LH fingerlock at chockstone, high foot then RH go for good hold. #2-#3 below second crux, then place .4 at horizontal and pull the roof. ",https://www.mountainproject.com/route/105799077/directississima-aka-doubleissima,2,"New York > The Gunks > The Trapps > i. High E",3.8,-1,Lead,Fell/Hung,Trad,,200,2900
2024-09-22,"Asbury Park",5.7,,https://www.mountainproject.com/route/105922314/asbury-park,1,"New Hampshire > *Rumney > 5.8 Crag",1.8,-1,Lead,Onsight,Sport,,,1800
2024-09-22,"Bolt And Run",5.9,,https://www.mountainproject.com/route/105922323/bolt-and-run,1,"New Hampshire > *Rumney > 5.8 Crag",2.3,-1,Lead,Onsight,Sport,,,2400
2024-09-21,"Flying Hawaiian",5.11b,,https://www.mountainproject.com/route/105910536/flying-hawaiian,1,"New Hampshire > *Rumney > Waimea",3.8,-1,TR,,Sport,,,4900
2024-09-21,"Flying Hawaiian",5.11b,"Possible .1 or smaller placement in the stem corner. Before final mantle, get left hand on chalked hold, right foot high onto hidden foothold, then go for the good arete. ",https://www.mountainproject.com/route/105910536/flying-hawaiian,1,"New Hampshire > *Rumney > Waimea",3.8,-1,Lead,Fell/Hung,Sport,,,4900
2024-09-21,Luau,5.12a,,https://www.mountainproject.com/route/105948163/luau,1,"New Hampshire > *Rumney > Waimea",2.7,-1,TR,,Sport,,50,6600
2024-09-21,"Dirty Dozen",5.10d,,https://www.mountainproject.com/route/106030503/dirty-dozen,1,"New Hampshire > *Rumney > Triple Corners > Triple Corners Right",2.8,-1,Lead,Onsight,Sport,,,3500
2024-09-21,"Perfectly Blunt",5.10d,,https://www.mountainproject.com/route/106200078/perfectly-blunt,1,"New Hampshire > *Rumney > Triple Corners > Triple Corners Right",2.4,-1,Lead,Flash,Sport,,,3500
2024-09-21,"Technical Second",5.10b/c,,https://www.mountainproject.com/route/106012950/technical-second,1,"New Hampshire > *Rumney > Triple Corners > Triple Corners Right",2.5,-1,Lead,Onsight,Sport,,,3100
2024-09-14,"Cereal Killer",5.11c,"Start on LH pinch, RH to undercling, LH to worse crimp, RH cross over to better crimp then go to jugs. For big move at 3rd bolt place right foot at lower foot chip then deadpoint with LH. When mantling at 4th bolt use slopey right handhold then move to small crimp for LH",https://www.mountainproject.com/route/105935083/cereal-killer,3,"New Hampshire > *Rumney > Armed and Dangerous (Main Cliff Left)",3.0,-1,Lead,Fell/Hung,Sport,,,5200
2024-09-14,"Sesame Street",5.10b,,https://www.mountainproject.com/route/105959390/sesame-street,1,"New Hampshire > *Rumney > Armed and Dangerous (Main Cliff Left)",3.2,-1,Lead,Onsight,Sport,,,2900
2024-09-14,"Scene of the Crime",5.10a,,https://www.mountainproject.com/route/105947723/scene-of-the-crime,1,"New Hampshire > *Rumney > Armed and Dangerous (Main Cliff Left)",2.6,-1,Lead,Onsight,Sport,,,2600
2024-09-14,"Gold Digger",5.8+,,https://www.mountainproject.com/route/105927100/gold-digger,1,"New Hampshire > *Rumney > The Main Cliff",2.3,-1,Lead,Onsight,Sport,,,2200
2024-09-07,"Mixie's Route",5.11c,"Slopey hold too greasy in the sun, traverse left near the top on good jugs",https://www.mountainproject.com/route/120814304/mixies-route,1,"New Hampshire > WM: Lincoln/Woodstock Area > Russell Crags (in Merriam Woods) > Main Cliff Area > Jeremy's Wall - Main Cliff upper right",3.2,-1,Lead,Fell/Hung,Sport,,95,5200
2024-09-07,"Living Green",5.11b,,https://www.mountainproject.com/route/120814355/living-green,1,"New Hampshire > WM: Lincoln/Woodstock Area > Russell Crags (in Merriam Woods) > Main Cliff Area > Jeremy's Wall - Main Cliff upper right",3.4,-1,Lead,Redpoint,Sport,,95,4900
2024-09-07,"Jojo for President",5.10a,"TR solo",https://www.mountainproject.com/route/120757229/jojo-for-president,1,"New Hampshire > WM: Lincoln/Woodstock Area > Russell Crags (in Merriam Woods) > Winter Wall",2.9,-1,TR,,Sport,,30,2600
2024-09-07,"Anthem of the Sun",5.11a,"Not tall enough to lock-off and go straight to the good LH at second bolt. Next time try it more dynamically and stick clip second bolt",https://www.mountainproject.com/route/120763014/anthem-of-the-sun,1,"New Hampshire > WM: Lincoln/Woodstock Area > Russell Crags (in Merriam Woods) > Winter Wall",2.5,-1,Lead,Fell/Hung,Sport,,50,4600
2024-09-07,"Blue Shift",5.9,,https://www.mountainproject.com/route/120947625/blue-shift,1,"New Hampshire > WM: Lincoln/Woodstock Area > Russell Crags (in Merriam Woods) > Winter Wall",3.3,-1,Lead,Onsight,Sport,,60,2400
2024-08-31,Bombardment,5.8,"Linked from age before beauty",https://www.mountainproject.com/route/105903672/bombardment,1,"New Hampshire > *Cathedral Ledge > Lower Left Wall / Ventilator Slabs",3.4,-1,Lead,Onsight,Trad,,160,2100
2024-08-31,"Age Before Beauty",5.10a,"Linked with bombardment ",https://www.mountainproject.com/route/106752411/age-before-beauty,1,"New Hampshire > *Cathedral Ledge > Lower Left Wall / Ventilator Slabs",2.1,-1,Lead,Onsight,Trad,,40,2600
2024-08-30,Diedre,5.10a,"Linked 1-2, 3-4. Save #1-3 for last pitch belay, didn&#39;t bring #4 but can be useful.",https://www.mountainproject.com/route/105938087/diedre,5,"New Hampshire > *Cathedral Ledge > The Diedre Area",3.5,-1,Lead,Redpoint,Trad,,350,2600
2024-08-24,"The West Chimney",5.7,"In approach shoes",https://www.mountainproject.com/route/105999228/the-west-chimney,3,"New Hampshire > WM: Franconia Notch > Hounds Hump Ridge (Eaglet etc) > The Eaglet",3.4,-1,Follow,,Trad,,200,1800
2024-08-02,Godzilla,5.9,"To clean gear",https://www.mountainproject.com/route/105790717/godzilla,1,"Washington > Central-West Cascades & Seattle > Skykomish Valley > Index > Lower Town Wall > Dwarf Tossing to Narrow Arrow",3.8,-1,Follow,,Trad,,105,2400
2024-08-02,Godzilla,5.9,,https://www.mountainproject.com/route/105790717/godzilla,1,"Washington > Central-West Cascades & Seattle > Skykomish Valley > Index > Lower Town Wall > Dwarf Tossing to Narrow Arrow",3.8,-1,Lead,Onsight,Trad,,105,2400
2024-08-02,"Princely Ambitions",5.9,"Stopped at first anchor, from there it&#39;s 35m to ground",https://www.mountainproject.com/route/105790710/princely-ambitions,1,"Washington > Central-West Cascades & Seattle > Skykomish Valley > Index > Lower Town Wall > Dwarf Tossing to Narrow Arrow",3.7,-1,Lead,Onsight,Trad,,,2400
2024-08-01,Waka/Jawaka,5.9+,,https://www.mountainproject.com/route/113418888/wakajawaka,3,"Washington > Olympics & Pacific Coast > Elwha River > Waka Beach",3.6,4,Lead,Redpoint,Sport,,50,2500
2024-07-31,Onions,5.10d,"The best holds are not obvious, crux is probably a lock-off then big move to jug after final fixed draw",https://www.mountainproject.com/route/120803466/onions,1,"Washington > Olympics & Pacific Coast > Elwha River > Waka Beach",3.6,-1,Lead,Fell/Hung,Sport,,75,3500
2024-07-31,Waka/Jawaka,5.9+,,https://www.mountainproject.com/route/113418888/wakajawaka,1,"Washington > Olympics & Pacific Coast > Elwha River > Waka Beach",3.6,4,TR,,Sport,,50,2500
2024-07-31,Waka/Jawaka,5.9+,,https://www.mountainproject.com/route/113418888/wakajawaka,1,"Washington > Olympics & Pacific Coast > Elwha River > Waka Beach",3.6,4,Lead,Redpoint,Sport,,50,2500
2024-07-31,Waka/Jawaka,5.9+,"Trad gear beta: 2 bolts, then .75, 2, 3, 3, 4, final bolt. ",https://www.mountainproject.com/route/113418888/wakajawaka,1,"Washington > Olympics & Pacific Coast > Elwha River > Waka Beach",3.6,4,Lead,Onsight,Sport,,50,2500
2024-07-31,"Haus Frau",5.7,,https://www.mountainproject.com/route/113427978/haus-frau,1,"Washington > Olympics & Pacific Coast > Elwha River > Waka Beach",2.7,-1,Lead,Onsight,Sport,,50,1800
2024-07-31,Elwhatusi,5.8,,https://www.mountainproject.com/route/113427957/elwhatusi,1,"Washington > Olympics & Pacific Coast > Elwha River > Waka Beach",3.3,-1,Lead,Onsight,Sport,,60,2100
2024-07-20,Intertwine,5.8,,https://www.mountainproject.com/route/105905517/intertwine,1,"Massachusetts > Central, MA > Crow Hill and Leominster Area > Crow Hill > 5. Main Face",3.3,-1,Lead,Redpoint,"Trad, TR",,45,2100
2024-07-20,Diagonal,5.8+,"New bolted anchors at the top. ",https://www.mountainproject.com/route/106174844/diagonal,1,"Massachusetts > Central, MA > Crow Hill and Leominster Area > Crow Hill > 3. Fisherman's Wall",2.6,-1,Lead,Onsight,Trad,,35,2200
2024-07-20,Cro-Magnon,5.10b/c,"New glue-in anchors after the mantle move, with quick clips for lowering off. ",https://www.mountainproject.com/route/106126391/cro-magnon,1,"Massachusetts > Central, MA > Crow Hill and Leominster Area > Crow Hill > 3. Fisherman's Wall",3.7,-1,Lead,Redpoint,"Trad, TR",,50,3100
2024-07-07,Aviatrix,5.10d,"Fell right before anchor, look for good pinches on the right",https://www.mountainproject.com/route/126203015/aviatrix,1,"Massachusetts > Western MA > Hanging Mountain > Cloud Buttress",2.4,-1,Lead,Fell/Hung,Trad,,70,3500
2024-07-07,"Radiant Sky",5.10d,,https://www.mountainproject.com/route/121443970/radiant-sky,1,"Massachusetts > Western MA > Hanging Mountain > Acorn Face/Squirrel Wall",3.7,-1,Lead,Redpoint,Sport,,63,3500
2024-07-07,"Pillow Talk",5.11a,"Got past roof crux, save .3 for after the crux, then .2 and .5. Felt very tired towards the top",https://www.mountainproject.com/route/121616837/pillow-talk,1,"Massachusetts > Western MA > Hanging Mountain > Cloud Buttress",3.2,-1,Lead,Fell/Hung,Trad,,85,4600
2024-07-07,"Pet the Rabbits",5.12b,"Nice movement and rests up to roof. At crux, RH Gaston and move right, then bump left hand up to slopey pinch, and reach for good handhold right of clip. Then move up on small crimps, bump right foot up onto small footholds and bump LH to good crimp",https://www.mountainproject.com/route/121443922/pet-the-rabbits,2,"Massachusetts > Western MA > Hanging Mountain > Acorn Face/Squirrel Wall",3.0,-1,Lead,Fell/Hung,Sport,,65,6900
2024-07-07,"It Takes an Ankle",5.11b/c,"Bolt 6 missing hanger, traversed right to trad route to skip it",https://www.mountainproject.com/route/121467364/it-takes-an-ankle,1,"Massachusetts > Western MA > Hanging Mountain > Acorn Face/Squirrel Wall",2.7,-1,Lead,Fell/Hung,Sport,,60,5100
2024-07-03,"Nomad Crack",5.10b,"Clean TR",https://www.mountainproject.com/route/105911822/nomad-crack,1,"New Hampshire > *Cathedral Ledge > Barber Wall",3.1,-1,TR,,Trad,,,2900
2024-07-03,"Nomad Crack",5.10b,"First piece high .4. At crux, blue totem (can be backed up by black totem), then .4/.5 in the middle of under-cling traverse. Commit to lay back after traverse until next good stance. #4 useful afterwards ",https://www.mountainproject.com/route/105911822/nomad-crack,1,"New Hampshire > *Cathedral Ledge > Barber Wall",3.1,-1,Lead,Fell/Hung,Trad,,,2900
2024-07-03,"Layton's Ascent",5.9,"Slippery and slopey top-out, can avoid by traversing left to chicken delight topout",https://www.mountainproject.com/route/105909584/laytons-ascent,1,"New Hampshire > *Cathedral Ledge > Barber Wall",2.8,-1,Lead,Onsight,Trad,,80,2400
2024-07-03,Nutcracker,5.10a,".1 helpful near the bottom, save #1 for upper crux",https://www.mountainproject.com/route/105922177/nutcracker,1,"New Hampshire > *Cathedral Ledge > Barber Wall",3.6,-1,Lead,Redpoint,Trad,,75,2600
2024-06-29,"Standard Route","5.5 R","&#34;moonlight&#34; climb where moon didn&#39;t show up. Swung leads with direct variation. Don&#39;t go up too early on P7. ",https://www.mountainproject.com/route/105910131/standard-route,9,"New Hampshire > *Whitehorse Ledge > 07. The Slabs",3.4,-1,Lead,,Trad,,1100,1500
2024-06-28,"Lichen Delight",5.11a,"TR-ed twice, second time clean. Bring at least doubles in hand-sized gear for first half of climb. At crux, place and back up .4 with a nut, then RH layback, smear left foot, gaston with LH at good hold, then bring right foot up onto good edge. Place .5 or high .3, then move up double cracks with foot jams. Save 1-2 .75s for top.",https://www.mountainproject.com/route/105974638/lichen-delight,2,"New Hampshire > *Cathedral Ledge > Barber Wall",3.7,-1,TR,,Trad,,100,4600
2024-06-28,"Nomad Crack",5.10b,"Tricky first few gear placements. Crux protected by .3 and .5. Might need #4 for tricky section near the top ",https://www.mountainproject.com/route/105911822/nomad-crack,1,"New Hampshire > *Cathedral Ledge > Barber Wall",3.1,-1,Follow,,Trad,,,2900
2024-06-28,Nutcracker,5.10a,"Slipped and fell on last move. Place .75 or #1 up high, then bring RH to top of .75 sized crack, high left foot jam, then reach for next hand jam with LH",https://www.mountainproject.com/route/105922177/nutcracker,1,"New Hampshire > *Cathedral Ledge > Barber Wall",3.6,-1,Lead,Fell/Hung,Trad,,75,2600
2024-06-28,"Chicken Delight",5.9,"Very sustained until right before the bolt",https://www.mountainproject.com/route/105909580/chicken-delight,1,"New Hampshire > *Cathedral Ledge > Barber Wall",3.1,-1,Lead,Onsight,Trad,,75,2400
2024-06-16,"The Ceiling",5.6,"Linked first two pitches. Next time don’t need to climb crux like a roof crack, plenty of jugs over the lip",https://www.mountainproject.com/route/105799687/the-ceiling,3,"New York > The Gunks > The Trapps > d. Strictly - The Ceiling",3.5,-1,Lead,Onsight,Trad,,275,1600
2024-06-16,"Strictly From Nowhere",5.7,"Led first pitch, next time traverse over to the ceiling.",https://www.mountainproject.com/route/105799704/strictly-from-nowhere,2,"New York > The Gunks > The Trapps > d. Strictly - The Ceiling",3.4,-1,Lead,Onsight,Trad,,170,1800
2024-06-15,Sente,5.9,"Very leadable, after mantling up first horizontal, cruxes are well protected with bolts.",https://www.mountainproject.com/route/105841798/sente,1,"New York > The Gunks > The Trapps > g. V3 - Middle Earth",2.6,-1,TR,,Trad,,90,2400
2024-06-15,"Thin Slabs / Thin Slabs Direct",5.7+,"First pitch felt hard, last pitch crux piton can be backed up with black totem",https://www.mountainproject.com/route/105801058/thin-slabs-thin-slabs-direct,3,"New York > The Gunks > The Trapps > g. V3 - Middle Earth",3.1,4,Lead,Onsight,Trad,,220,1900
2024-06-15,"Something Interesting",5.7+,"Went straight to GT ledge in 1 pitch",https://www.mountainproject.com/route/105799118/something-interesting,2,"New York > The Gunks > The Trapps > e. The Mac Wall",3.5,-1,Lead,Onsight,Trad,,200,1900
2024-06-15,"The Dangler",5.10a,"Next time don’t climb while trailing second rope. Place .5 and 1 from ledge, then fire across and only place one #2 in the middle. Don’t need to switch sides heelhooking, just reach up with left hand then mantle.",https://www.mountainproject.com/route/105890675/the-dangler,1,"New York > The Gunks > The Trapps > e. The Mac Wall",3.3,-1,Lead,Fell/Hung,Trad,,20,2600
2024-06-15,"Three Pines",5.3,"Linked first two pitches",https://www.mountainproject.com/route/105799108/three-pines,2,"New York > The Gunks > The Trapps > e. The Mac Wall",3.1,-1,Lead,Onsight,Trad,,160,1300
2024-06-08,"YMC Route",5.9,,https://www.mountainproject.com/route/105800455/ymc-route,1,"Connecticut > Central Valley > Ragged Mountain > Main Cliff",3.3,-1,TR,,Trad,,100,2400
2024-06-08,"YMC Route",5.9,"Tried out green dragonfly placement at crux",https://www.mountainproject.com/route/105800455/ymc-route,1,"Connecticut > Central Valley > Ragged Mountain > Main Cliff",3.3,-1,Lead,Redpoint,Trad,,100,2400
2024-06-08,"Ancient Way",5.5,,https://www.mountainproject.com/route/105799305/ancient-way,1,"Connecticut > Central Valley > Ragged Mountain > Main Cliff",2.5,-1,Follow,,Trad,,60,1500
2024-06-08,"Wet Wall",5.6,"To clean stuck cam",https://www.mountainproject.com/route/105801023/wet-wall,1,"Connecticut > Central Valley > Ragged Mountain > Main Cliff",2.8,-1,TR,,Trad,,100,1600
2024-06-08,Broadway,5.8,"With approach shoes",https://www.mountainproject.com/route/105799509/broadway,1,"Connecticut > Central Valley > Ragged Mountain > Main Cliff",3.2,-1,TR,,Trad,,100,2100
2024-06-08,"Carey Corner",5.8,,https://www.mountainproject.com/route/105799429/carey-corner,1,"Connecticut > Central Valley > Ragged Mountain > Main Cliff",3.1,-1,TR,,Trad,,100,2100
2024-06-02,"Weird Corner",5.7,"Very dirty",https://www.mountainproject.com/route/120536180/weird-corner,1,"Massachusetts > Western MA > Rose Ledge > 05 - French King Buttress",2.3,1,Lead,Onsight,"Trad, TR",,50,1800
2024-06-02,"Devil's Pitchfork",5.10-,,https://www.mountainproject.com/route/117703595/devils-pitchfork,3,"Massachusetts > Western MA > Rose Ledge > 05 - French King Buttress",2.6,-1,TR,,"Trad, TR",,50,2700
2024-06-01,"Beginner's (aka Easy Corner)",5.6,,https://www.mountainproject.com/route/105982725/beginners-aka-easy-corner,1,"Massachusetts > Western MA > Rose Ledge > 02 - Main Face",2.2,-1,TR,,"Trad, TR",,35,1600
2024-06-01,"Double Helix (aka Rikert's Corner)",5.9,,https://www.mountainproject.com/route/105805595/double-helix-aka-rikerts-corner,5,"Massachusetts > Western MA > Rose Ledge > 02 - Main Face",3.4,-1,TR,,"Trad, TR",,40,2400
2024-06-01,"Guillotine (aka Double Overhead Cam)",5.8,,https://www.mountainproject.com/route/105805587/guillotine-aka-double-overhead-cam,1,"Massachusetts > Western MA > Rose Ledge > 02 - Main Face",3.0,-1,TR,,"Trad, TR",,40,2100
2024-06-01,Tennessee,5.10-,,https://www.mountainproject.com/route/105805574/tennessee,1,"Massachusetts > Western MA > Rose Ledge > 02 - Main Face",3.3,-1,TR,,"Trad, TR",,40,2700
2024-05-26,"Laughing Gull",5.11+,,https://www.mountainproject.com/route/107440412/laughing-gull,1,"Massachusetts > North Shore > Cape Ann > Redrocks and Vicinity > Red Rock Main Area",2.9,-1,TR,,"Sport, TR",,40,5300
2024-05-26,Zipper,5.6,,https://www.mountainproject.com/route/105909226/zipper,1,"Massachusetts > North Shore > Cape Ann > Redrocks and Vicinity > Red Rock Main Area",3.5,-1,TR,,"Trad, TR",,45,1600
2024-05-25,"Still Gettin' Booty",5.10a/b,"At first bolt, smear is more secure than polished knob. Couldn&#39;t reach second bolt from ledge, had to traverse right over to easier section...",https://www.mountainproject.com/route/108042909/still-gettin-booty,1,"New Hampshire > Lakes Region > New Durham Area  (Longstack, Devil's Den, Rines Hill, etc.) > Longstack Precipice > 2. Indigenous Wall",3.0,-1,Lead,Fell/Hung,Trad,,95,2800
2024-05-25,Riptide,5.9+,"Linked both pitches, scary mantle to the slab, then rock over left on small holds. Can also jump for the good lip dynamically.",https://www.mountainproject.com/route/107651987/riptide,2,"New Hampshire > Lakes Region > New Durham Area  (Longstack, Devil's Den, Rines Hill, etc.) > Longstack Precipice > 3. The Big Wall",3.1,3,Lead,Onsight,Trad,,170,2500
2024-05-25,"Coyote Rain",5.6,,https://www.mountainproject.com/route/107722696/coyote-rain,2,"New Hampshire > Lakes Region > New Durham Area  (Longstack, Devil's Den, Rines Hill, etc.) > Longstack Precipice > 4. Wonderland Wall",3.3,-1,Follow,,Trad,,140,1600
2024-05-25,"Winter Classic",5.10a,".4 cam at start, then all bolts afterwards. Second pitch looked quite dirty",https://www.mountainproject.com/route/107652276/winter-classic,1,"New Hampshire > Lakes Region > New Durham Area  (Longstack, Devil's Den, Rines Hill, etc.) > Longstack Precipice > 4. Wonderland Wall",3.0,-1,Lead,Onsight,Trad,,135,2600
2024-05-25,Trifecta,5.9-,"Cruxes are well-protected",https://www.mountainproject.com/route/107652289/trifecta,2,"New Hampshire > Lakes Region > New Durham Area  (Longstack, Devil's Den, Rines Hill, etc.) > Longstack Precipice > 4. Wonderland Wall",2.5,-1,Lead,Onsight,Trad,,140,2300
2024-05-19,"Just Beechy",5.11d,"Crux: RH on small crimp, LH on sidepull, high foot then RH deadpoint to good crimp. Clip, then LH to small crimp to the left, move right foot to small crimp then go for undercling.",https://www.mountainproject.com/route/124819344/just-beechy,1,"Massachusetts > Western MA > Hanging Mountain > The Beech",2.4,-1,TR,,Sport,,50,5500
2024-05-19,"Just Beechy",5.11d,,https://www.mountainproject.com/route/124819344/just-beechy,1,"Massachusetts > Western MA > Hanging Mountain > The Beech",2.4,-1,Lead,Fell/Hung,Sport,,50,5500
2024-05-19,"Beechwood Aged",5.11b,,https://www.mountainproject.com/route/125108984/beechwood-aged,1,"Massachusetts > Western MA > Hanging Mountain > The Beech",2.8,2,Lead,Redpoint,Sport,5.11a,50,4900
2024-05-19,"Beechwood Aged",5.11b,"At second bolt, traverse right to RH sidepull, then LH to lower jug, clip, RH to upper jug, LH to pocket, high foot to get jug with RH.",https://www.mountainproject.com/route/125108984/beechwood-aged,1,"Massachusetts > Western MA > Hanging Mountain > The Beech",2.8,2,Lead,Fell/Hung,Sport,5.11a,50,4900
2024-05-19,"Standard Root",5.8,,https://www.mountainproject.com/route/125108479/standard-root,1,"Massachusetts > Western MA > Hanging Mountain > The Beech",3.0,3,Lead,Onsight,Trad,,45,2100
2024-05-19,"Beech Muscles",5.9,"Single rack with two .3s, quite dirty",https://www.mountainproject.com/route/125111326/beech-muscles,1,"Massachusetts > Western MA > Hanging Mountain > The Beech",2.4,-1,Lead,Onsight,Trad,,50,2400
2024-05-19,"The Perch",5.10a,,https://www.mountainproject.com/route/126063390/the-perch,1,"Massachusetts > Western MA > Hanging Mountain > The Beech",2.6,-1,Lead,Onsight,Sport,,60,2600
2024-05-19,"Trouble Weighs a Ton",5.10d,,https://www.mountainproject.com/route/121426311/trouble-weighs-a-ton,1,"Massachusetts > Western MA > Hanging Mountain > Cloud Buttress",3.1,-1,Lead,Redpoint,Sport,,60,3500
2024-05-11,Recluse,5.11a,"Tried new beta, get LH into 1-finger pocket, then RH into lower hand jam, then bump LH to good lock. Place black totem + nut to protect crux. Next piece of gear is .75",https://www.mountainproject.com/route/105925036/recluse,1,"New Hampshire > *Cathedral Ledge > The North End",3.0,-1,TR,,Trad,,85,4600
2024-05-11,"Bird's Nest",5.9,,https://www.mountainproject.com/route/105924990/birds-nest,1,"New Hampshire > *Cathedral Ledge > The North End",3.3,-1,TR,,Trad,,80,2400
2024-05-11,"Bird's Nest",5.9,"Don&#39;t miss the good jams on the crack to the right",https://www.mountainproject.com/route/105924990/birds-nest,1,"New Hampshire > *Cathedral Ledge > The North End",3.3,-1,Lead,Onsight,Trad,,80,2400
2024-05-11,"They Died Laughing",5.9,"For gear, bring 2x #3 and 1x #2, maybe #4 for redirect if building a TR anchor",https://www.mountainproject.com/route/105909672/they-died-laughing,1,"New Hampshire > *Cathedral Ledge > The North End",3.7,-1,Lead,Onsight,"Trad, TR",,100,2400
2024-05-07,"Conductor Crack",5.10d,"TR Solo, had to aid a move or two at the start. Much easier after turning the lip",https://www.mountainproject.com/route/106421246/conductor-crack,2,"California > Yosemite National Park > Yosemite Valley > Lower Merced River Canyon > Az. Generator Station",2.6,-1,TR,,"Trad, TR",,45,3500
2024-05-06,"East Buttress","5.10c A0","Linked p1-2 and p3-4, need to bring more long slings to reduce rope drag. Cruxes here are the 5.8 roof pull and 5.7 layback. Had to pendulum into crack system after bolt ladder, then aided up more and only clipped piton to protect follower. P6 traverse is sparsely protected but not too hard. P8 v-groove was the best pitch, traverse left earlier to belay to avoid loose blocks. Next time save lots of finger sized gear for p10. Almost ran out of gear and had to pull on gear twice to clip. Leader can thread rap anchors after p10, downclimb to next set of anchors and belay follower through rap anchors (who would climb to leader instead of topping out), then pull rope, to avoid diagonal rappel. Rappel anchors are very easy to find, trending climbers left, right, then left again.",https://www.mountainproject.com/route/105915125/east-buttress,10,"California > Yosemite National Park > Yosemite Valley > Valley South Side > P. Cathedral Area > 6. Middle Cathedral Rock",3.6,-1,Lead,,"Trad, Aid",,1100,3200
2024-05-05,Commitment,5.9,"Only did first pitch, amazing crack climbing! Wide crack that narrows down to .5 size can be protected with a #4, smaller gear will be harder to retrieve.",https://www.mountainproject.com/route/105867013/commitment,1,"California > Yosemite National Park > Yosemite Valley > Valley North Side > E. Yosemite Falls Area > Five Open Books > First Tier",3.5,-1,Lead,Onsight,Trad,,320,2400
2024-05-05,Munginella,5.6,"Followed p1 and linked p2 and 3, p2 roof was very wet and had to pull some moves with wet hand and footholds. ",https://www.mountainproject.com/route/105867008/munginella,3,"California > Yosemite National Park > Yosemite Valley > Valley North Side > E. Yosemite Falls Area > Five Open Books > First Tier",2.9,-1,Lead,Onsight,Trad,,300,1600
2024-05-04,"Penthouse Cracks",5.10,"TR solo 10a and 11a cracks, skipped bouldery move to get into 11a crack",https://www.mountainproject.com/route/105958415/penthouse-cracks,2,"California > Yosemite National Park > Yosemite Valley > Valley North Side > E. Yosemite Falls Area > A. Swan Slab",2.2,-1,TR,,"Trad, TR",,18,3000
2024-05-04,"Claude's Delight",5.7,"TR solo, fun hand crack",https://www.mountainproject.com/route/106653590/claudes-delight,2,"California > Yosemite National Park > Yosemite Valley > Valley North Side > E. Yosemite Falls Area > A. Swan Slab",2.4,-1,TR,,Trad,,150,1800
2024-05-04,"Lena's Lieback",5.9,"TR solo twice",https://www.mountainproject.com/route/105867066/lenas-lieback,2,"California > Yosemite National Park > Yosemite Valley > Valley North Side > E. Yosemite Falls Area > A. Swan Slab",2.9,-1,TR,,Trad,,190,2400
2024-04-28,Birdland,5.8+,"Placed .4 into good hold before pulling crux on first pitch. Go straight up from anchors to begin second pitch. Possible to link both pitches together. ",https://www.mountainproject.com/route/105800395/birdland,2,"New York > The Gunks > The Near Trapps > b. Workout Wall",3.6,-1,Lead,Onsight,Trad,,200,2200
2024-04-27,"Men At Arms","5.10a/b PG13","Almost had the onsight. At first crux hand traverse right then left heel hook. At second crux get left hand on good crimp, bump right hand to good hold then bring left foot onto large foothold under the overhang. Then place gear and traverse left before going up. Bring singles .75-3, second crux protected by red DMM peenut, and save 1-2 black totems and 1 blue totem for after the second crux. ",https://www.mountainproject.com/route/106281558/men-at-arms,1,"New York > The Gunks > The Trapps > e. The Mac Wall",2.6,-1,Lead,Fell/Hung,Trad,,80,2800
2024-04-27,"Men At Arms","5.10a/b PG13",,https://www.mountainproject.com/route/106281558/men-at-arms,1,"New York > The Gunks > The Trapps > e. The Mac Wall",2.6,-1,TR,,Trad,,80,2800
2024-04-27,"City Lights",5.8-,"Linked into second pitch of Pas de Deux",https://www.mountainproject.com/route/105799768/city-lights,1,"New York > The Gunks > The Trapps > c. Frog's Head - the Arch",2.8,-1,,,Trad,,180,2000
2024-04-27,"Pas de Deux",5.8,"Second pitch, linked from city lights first pitch. Up and left from the anchor according to gunksapps",https://www.mountainproject.com/route/105829283/pas-de-deux,1,"New York > The Gunks > The Trapps > c. Frog's Head - the Arch",2.6,-1,Lead,Onsight,Trad,,90,2100
2024-04-27,"Birdie Party",5.10b,"First pitch",https://www.mountainproject.com/route/106106801/birdie-party,1,"New York > The Gunks > The Trapps > e. The Mac Wall",3.2,-1,Follow,,Trad,,200,2900
2024-04-27,Coexistence,5.10d,"Head right to a crack after pulling onto the ledge. Final crux is protected by two pins, left hand on small crimp, right hand on pinch, then bump left hand to better crimp further left. ",https://www.mountainproject.com/route/105799053/coexistence,1,"New York > The Gunks > The Trapps > e. The Mac Wall",3.6,-1,TR,,Trad,,60,3500
2024-04-27,MF,5.9,"First pitch, crux move is moving past the overhang",https://www.mountainproject.com/route/105799143/mf,1,"New York > The Gunks > The Trapps > e. The Mac Wall",3.6,-1,Follow,,Trad,,180,2400
2024-04-13,"Tower Crack",5.7+,"Still felt hard, used a few hand stacks in offwidth part",https://www.mountainproject.com/route/105799452/tower-crack,1,"Connecticut > Central Valley > Ragged Mountain > Main Cliff",2.4,-1,Lead,Redpoint,Trad,,30,1900
2024-04-13,"Wiessner Slab",5.3,"Linked into tower crack",https://www.mountainproject.com/route/105799127/wiessner-slab,1,"Connecticut > Central Valley > Ragged Mountain > Main Cliff",2.6,-1,Lead,Redpoint,Trad,,60,1300
2024-04-13,Netherlands,"5.10a R","TR Onsight, crux was thin and balancy move around skull and bones block",https://www.mountainproject.com/route/105976960/netherlands,1,"Connecticut > Central Valley > Ragged Mountain > Main Cliff",3.0,-1,TR,,TR,,90,2600
2024-04-13,"Ragged Edge",5.10+,"Clean TR using the arete",https://www.mountainproject.com/route/105804657/ragged-edge,1,"Connecticut > Central Valley > Ragged Mountain > Main Cliff",3.2,-1,TR,,TR,,100,3300
2024-04-13,"Ragged Edge",5.10+,"First go did not use the arete, much harder only using face holds",https://www.mountainproject.com/route/105804657/ragged-edge,1,"Connecticut > Central Valley > Ragged Mountain > Main Cliff",3.2,-1,TR,,TR,,100,3300
2024-03-30,"Vanishing Point",5.10-,"New-ish glue-in bolt along route, hard to find all the good holds for thin moves in the middle",https://www.mountainproject.com/route/107339877/vanishing-point,1,"Connecticut > Central Valley > Ragged Mountain > Main Cliff",3.3,-1,TR,,"Trad, TR",,85,2700
2024-03-30,"Carey Corner",5.8,"Tried to climb offwidth left side in, very hard",https://www.mountainproject.com/route/105799429/carey-corner,1,"Connecticut > Central Valley > Ragged Mountain > Main Cliff",3.1,-1,TR,,Trad,,100,2100
2024-03-30,"Wet Wall",5.6,"In approach shoes, start was wet",https://www.mountainproject.com/route/105801023/wet-wall,1,"Connecticut > Central Valley > Ragged Mountain > Main Cliff",2.8,-1,Follow,,Trad,,100,1600
2024-03-30,"YMC Route",5.9,"Placed lots of small gear at crux, green then red peenut, then black totem",https://www.mountainproject.com/route/105800455/ymc-route,1,"Connecticut > Central Valley > Ragged Mountain > Main Cliff",3.3,-1,Lead,Redpoint,Trad,,100,2400
2024-03-30,Deception,5.8,"Not a lot of good options for anchors at the top of climb",https://www.mountainproject.com/route/105804951/deception,1,"Connecticut > Central Valley > Ragged Mountain > Main Cliff",2.6,-1,Lead,Onsight,Trad,,60,2100
2024-03-30,"May's Way",5.4,"Need wide gear for top, escaped right",https://www.mountainproject.com/route/105804973/mays-way,2,"Connecticut > Central Valley > Ragged Mountain > Main Cliff",1.7,-1,Follow,,Trad,,100,1400
2024-03-16,"Reign of Terror",5.9+,,https://www.mountainproject.com/route/108218245/reign-of-terror,1,"Massachusetts > Eastern, MA > Rattlesnake Rocks > Ship's Prow",2.7,-1,TR,,TR,,25,2500
2024-03-16,"The Ship's Prow",5.7,,https://www.mountainproject.com/route/108218286/the-ships-prow,1,"Massachusetts > Eastern, MA > Rattlesnake Rocks > Ship's Prow",2.7,-1,Lead,Onsight,"Trad, TR",,20,1800
2024-03-16,"White Face",5.6,,https://www.mountainproject.com/route/111920287/white-face,1,"Massachusetts > Eastern, MA > Rattlesnake Rocks > Ship's Prow",3.0,-1,Lead,Onsight,"Trad, TR",,40,1600
2024-02-24,"Generator Crack",5.10c,"Left side in, next time leave a longer loop in tie-in knot for squeeze chimney and wear knee protection",https://www.mountainproject.com/route/105952381/generator-crack,1,"California > Yosemite National Park > Yosemite Valley > Lower Merced River Canyon > Az. Generator Station",3.6,-1,TR,,"Trad, TR",,60,3200
2024-02-24,"Bishops Terrace",5.8,"Offwidth part can be easily lay-backed, only used 1 each of #3 and #4. Perfect hands near the top",https://www.mountainproject.com/route/105872317/bishops-terrace,1,"California > Yosemite National Park > Yosemite Valley > Valley North Side > G. Church Bowl",3.7,4,Lead,Onsight,Trad,,195,2100
2024-02-23,"After Six",5.7,"First pitch was quite wet, climbed after seven instead.",https://www.mountainproject.com/route/105862639/after-six,4,"California > Yosemite National Park > Yosemite Valley > Valley North Side > C. El Cap Picnic Area (Eagle Creek) > 5. Manure Pile Buttress (aka Ranger Rock)",2.9,-1,Lead,Onsight,Trad,,600,1800
2024-02-23,"Salathe (pitch 1)",5.10c,"Back-cleaned 5.6 start, save finger-sized cams for cruxes and place nuts at good rests",https://www.mountainproject.com/route/105870703/salathe-pitch-1,1,"California > Yosemite National Park > Yosemite Valley > Valley North Side > B. El Capitan > 1. Base Routes > Southwest Base > Moby Dick and Pterodactyl Terrace",3.8,-1,Lead,Fell/Hung,Trad,,160,3200
2024-02-23,"After Seven",5.8,"Linked with after six, next time continue straight up from first belay instead of moving left.",https://www.mountainproject.com/route/105874735/after-seven,1,"California > Yosemite National Park > Yosemite Valley > Valley North Side > C. El Cap Picnic Area (Eagle Creek) > 5. Manure Pile Buttress (aka Ranger Rock)",3.1,-1,Lead,Onsight,Trad,,115,2100
2024-02-11,"Hemlock Groove",5.6,"Lots of splitter cracks available if not using face holds. ",https://www.mountainproject.com/route/106910687/hemlock-groove,1,"Connecticut > Central Valley > Ragged Mountain > Main Cliff",2.4,-1,TR,,Trad,,95,1600
2024-02-11,"YMC Route",5.9,"Spent too long at crux placing gear and got too tired. Gear: .5 under roof, green peenut + .1-sized cam from good rest, black totem in horizontal with right hand undercling, red totem in shallow placement",https://www.mountainproject.com/route/105800455/ymc-route,1,"Connecticut > Central Valley > Ragged Mountain > Main Cliff",3.3,-1,Lead,Fell/Hung,Trad,,100,2400
2024-02-11,"Carey Corner",5.8,"Very hard. Bumped #4 after ledge in right-hand crack ",https://www.mountainproject.com/route/105799429/carey-corner,1,"Connecticut > Central Valley > Ragged Mountain > Main Cliff",3.1,-1,Lead,Onsight,Trad,,100,2100
2024-02-04,"Trump card",WI3,"To TR ace of spades",https://www.mountainproject.com/route/109850919/trump-card,1,"New Hampshire > * NH Ice and Mixed > - Franconia Notch > Ace of Spades Crag",2.0,-1,Follow,,Ice,,125,32000
2024-02-04,"Ace of Spades",WI4,"TR x2",https://www.mountainproject.com/route/109850904/ace-of-spades,2,"New Hampshire > * NH Ice and Mixed > - Franconia Notch > Ace of Spades Crag",2.8,-1,TR,,Ice,,120,33000
2023-12-25,Disneyland,5.6,,https://www.mountainproject.com/route/105799486/disneyland,2,"New York > The Gunks > The Near Trapps > a. Beginning of cliff to Gelsa",3.2,-1,Lead,Redpoint,Trad,,155,1600
2023-12-25,Dog-Stick-Ridge,5.8,"Belay at upper roof with small foot ledge, save .4 and black totem for anchor ",https://www.mountainproject.com/route/111846162/dog-stick-ridge,2,"New York > The Gunks > The Near Trapps > a. Beginning of cliff to Gelsa",3.6,-1,Lead,Onsight,Trad,,150,2100
2023-12-24,"City Lights",5.8-,"Some offset nut placements available before runout",https://www.mountainproject.com/route/105799768/city-lights,2,"New York > The Gunks > The Trapps > c. Frog's Head - the Arch",2.8,-1,Lead,Onsight,Trad,,180,2000
2023-12-24,"Frog's Head",5.6,,https://www.mountainproject.com/route/105799771/frogs-head,2,"New York > The Gunks > The Trapps > c. Frog's Head - the Arch",3.1,-1,Lead,Onsight,Trad,,160,1600
2023-12-24,Betty,5.3,,https://www.mountainproject.com/route/105920873/betty,1,"New York > The Gunks > The Trapps > b. Jackie and friends",3.0,-1,Lead,Onsight,Trad,,150,1300
2023-12-23,"No Solution",5.12a,"Roof looks hard but the real crux is at the thin slab after the roof. ",https://www.mountainproject.com/route/106440087/no-solution,1,"New York > The Gunks > The Trapps > a1. The Uberfall - left",2.8,-1,TR,,"Trad, TR",,60,6600
2023-12-23,Retribution,5.10b,"Crux felt easy but took a few tries to find the ring-lock spot. Top was much easier in daylight. ",https://www.mountainproject.com/route/105799038/retribution,1,"New York > The Gunks > The Trapps > a1. The Uberfall - left",3.0,-1,Lead,Redpoint,Trad,,75,2900
2023-12-23,Coronary,"5.10 R","Clean TR, very nice slab moves",https://www.mountainproject.com/route/105840581/coronary,1,"New York > The Gunks > The Trapps > a1. The Uberfall - left",2.8,-1,TR,,"Trad, TR",,90,3000
2023-12-23,Apoplexy,5.9,"Had to place a nut behind flake, moves were not hard but felt quite sketchy",https://www.mountainproject.com/route/105840572/apoplexy,1,"New York > The Gunks > The Trapps > a1. The Uberfall - left",3.4,-1,Lead,Onsight,Trad,,90,2400
2023-12-23,Classic,5.7,"Not much protection at the start",https://www.mountainproject.com/route/105812947/classic,1,"New York > The Gunks > The Trapps > b. Jackie and friends",3.0,-1,Lead,Redpoint,Trad,,140,1800
2023-12-23,Jackie,5.5,,https://www.mountainproject.com/route/105812940/jackie,1,"New York > The Gunks > The Trapps > b. Jackie and friends",3.1,-1,Lead,Onsight,Trad,,160,1500
2023-11-26,Absurdland,5.8+,"Felt well protected though strenuous to place gear well at cruxes",https://www.mountainproject.com/route/105799190/absurdland,1,"New York > The Gunks > The Trapps > g. V3 - Middle Earth",3.1,-1,Lead,Onsight,Trad,,100,2200
2023-11-26,Limelight,5.7,"Climbed last pitch after rapping from arrow",https://www.mountainproject.com/route/105801563/limelight,1,"New York > The Gunks > The Trapps > h. The Arrow Wall - CCK",3.4,-1,Lead,Onsight,Trad,,180,1800
2023-11-26,Arrow,5.8,"Went right at crux",https://www.mountainproject.com/route/105799105/arrow,2,"New York > The Gunks > The Trapps > h. The Arrow Wall - CCK",3.5,-1,Lead,Onsight,Trad,,200,2100
2023-11-25,Retribution,5.10b,"At Crux: place .4, right hand ring lock in .75 slot, left hand high up onto arete, swap feet and right hand reach into finger lock. then place .5 right above finger lock. Small wires useful for the top crack",https://www.mountainproject.com/route/105799038/retribution,1,"New York > The Gunks > The Trapps > a1. The Uberfall - left",3.0,-1,Lead,Fell/Hung,Trad,,75,2900
2023-11-25,"Le Teton",5.9+,"Clean follow, big move to #2 jug, skipping thin finger crack",https://www.mountainproject.com/route/105841807/le-teton,1,"New York > The Gunks > The Trapps > f. The Guides' Wall",3.6,-1,Follow,,Trad,,50,2500
2023-11-25,"Northern Pillar",5.3,"To access le teton",https://www.mountainproject.com/route/105939747/northern-pillar,2,"New York > The Gunks > The Trapps > f. The Guides' Wall",2.2,-1,Follow,,Trad,,220,1300
2023-11-25,"Madame Grunnebaum's Wulst",5.6,"Linked 3 pitches, need more long slings to reduce rope drag",https://www.mountainproject.com/route/105799697/madame-grunnebaums-wulst,3,"New York > The Gunks > The Trapps > f. The Guides' Wall",3.8,-1,Lead,Onsight,Trad,,210,1600
2023-11-05,"The Prow",5.11d,"Led pitches 1,3,5. Aided one move on pitches 2, 3 and 4 each, french freed entire pitch 5. Micro-cams and nuts (both offset and non-offset) are crucial for dihedral below roof. Only needed singles .75-2.",https://www.mountainproject.com/route/106011864/the-prow,6,"New Hampshire > *Cathedral Ledge > The Prow Area",3.9,-1,Lead,Fell/Hung,Trad,,350,5500
2023-10-28,Anguish,"5.8+ PG13","A little sketchy to pull crux with only rusty piton at my feet",https://www.mountainproject.com/route/106031516/anguish,3,"New York > The Gunks > The Trapps > d. Strictly - The Ceiling",2.3,3,Lead,Onsight,Trad,,200,2200
2023-10-28,"Son of Easy O",5.8,"Linked 2 pitches, next time no need to place so much gear at roof",https://www.mountainproject.com/route/105821512/son-of-easy-o,2,"New York > The Gunks > The Trapps > c. Frog's Head - the Arch",3.8,4,Lead,Onsight,Trad,,170,2100
2023-10-15,"October Surprise",5.12a,"Thin crux: right hand on good hold, left hand on crimp then bump to gaston, then go for jugs above",https://www.mountainproject.com/route/120938810/october-surprise,1,"New Hampshire > WM: Lincoln/Woodstock Area > Russell Crags (in Merriam Woods) > Main Cliff Area > The Stolen Buttress - Main Cliff Left",3.8,-1,Lead,Fell/Hung,Sport,,65,6600
2023-10-15,Moonstripe,5.10a,"Great for warmup",https://www.mountainproject.com/route/121330301/moonstripe,1,"New Hampshire > WM: Lincoln/Woodstock Area > Russell Crags (in Merriam Woods) > Main Cliff Area > The Stolen Buttress - Main Cliff Left",3.7,-1,Lead,Onsight,Sport,,100,2600
2023-10-15,"Stealing Time",5.8+,,https://www.mountainproject.com/route/120825948/stealing-time,1,"New Hampshire > WM: Lincoln/Woodstock Area > Russell Crags (in Merriam Woods) > Main Cliff Area > The Stolen Buttress - Main Cliff Left",3.1,-1,Lead,Onsight,Sport,,90,2200
2023-10-15,"Indigenous Peoples' Day Memorial Route",5.7,,https://www.mountainproject.com/route/120831979/indigenous-peoples-day-memorial-route,1,"New Hampshire > WM: Lincoln/Woodstock Area > Russell Crags (in Merriam Woods) > Main Cliff Area > The Stolen Buttress - Main Cliff Left",3.4,-1,Lead,Onsight,Sport,,85,1800
2023-10-15,"Living Green",5.11b,"Route was a little dirty, take time to find good crimps, first 3 bolts are the crux, invisible foothold to the right. Top was quite thin and clipping draws is the crux",https://www.mountainproject.com/route/120814355/living-green,1,"New Hampshire > WM: Lincoln/Woodstock Area > Russell Crags (in Merriam Woods) > Main Cliff Area > Jeremy's Wall - Main Cliff upper right",3.4,-1,Lead,Fell/Hung,Sport,,95,4900
2023-10-15,"Half Shell Heros",5.11a,"Mantle crux was quite scary",https://www.mountainproject.com/route/120814224/half-shell-heros,1,"New Hampshire > WM: Lincoln/Woodstock Area > Russell Crags (in Merriam Woods) > Main Cliff Area > Jeremy's Wall - Main Cliff upper right",3.5,-1,Lead,Onsight,Sport,,95,4600
2023-10-15,"Mixie's Route",5.11c,"At roof: bump left hand to slopey horn, right foot on small chip then rock over and reach for jug with right hand",https://www.mountainproject.com/route/120814304/mixies-route,1,"New Hampshire > WM: Lincoln/Woodstock Area > Russell Crags (in Merriam Woods) > Main Cliff Area > Jeremy's Wall - Main Cliff upper right",3.2,-1,Lead,Fell/Hung,Sport,,95,5200
2023-10-14,"Turner's Flake",5.8,,https://www.mountainproject.com/route/105881452/turners-flake,1,"New Hampshire > *Cathedral Ledge > Thin Air Face",3.5,-1,Lead,Onsight,Trad,,120,2100
2023-10-14,"The Saigons",5.8,"Next time link both pitches, second pitch crux can be protected by .5 then a .2 placed into right hand undercling",https://www.mountainproject.com/route/105923586/the-saigons,2,"New Hampshire > *Cathedral Ledge > Thin Air Face",3.0,-1,Lead,Onsight,Trad,,180,2100
2023-10-14,"Pine Tree Eliminate",5.8+,,https://www.mountainproject.com/route/105920872/pine-tree-eliminate,1,"New Hampshire > *Cathedral Ledge > Airation Buttress",3.4,-1,Lead,Redpoint,Trad,,90,2200
2023-10-14,Recluse,5.11a,"Tried crux again, next time try undercling hand jam slot and big  reach past small finger locks ",https://www.mountainproject.com/route/105925036/recluse,1,"New Hampshire > *Cathedral Ledge > The North End",3.0,-1,TR,,Trad,,85,4600
2023-10-14,Recluse,5.11a,"Had to aid through crux, top section has very nice crack climbing ",https://www.mountainproject.com/route/105925036/recluse,1,"New Hampshire > *Cathedral Ledge > The North End",3.0,-1,Lead,Fell/Hung,Trad,,85,4600
2023-10-08,"Suicide Wall","5.8 PG13","Second pitch only. 70m does not reach ground from tree rap rings",https://www.mountainproject.com/route/107652214/suicide-wall,1,"New Hampshire > Lakes Region > New Durham Area  (Longstack, Devil's Den, Rines Hill, etc.) > Longstack Precipice > 2. Indigenous Wall",2.4,-1,Lead,Onsight,Trad,,150,2100
2023-10-08,"Raven Song",5.8,"Linked with second pitch of suicide wall",https://www.mountainproject.com/route/108074988/raven-song,1,"New Hampshire > Lakes Region > New Durham Area  (Longstack, Devil's Den, Rines Hill, etc.) > Longstack Precipice > 2. Indigenous Wall",2.3,-1,Lead,Onsight,Trad,,170,2100
2023-10-08,Strychnine,5.9,"Linked both pitches, second pitch was very dirty, second pitch of suicide wall was cleaner and more fun",https://www.mountainproject.com/route/107652220/strychnine,2,"New Hampshire > Lakes Region > New Durham Area  (Longstack, Devil's Den, Rines Hill, etc.) > Longstack Precipice > 2. Indigenous Wall",3.0,-1,Lead,Onsight,Trad,,150,2400
2023-10-08,"Toltec Dream",5.7,"Slab was still slippery from the rain the previous day",https://www.mountainproject.com/route/107652120/toltec-dream,1,"New Hampshire > Lakes Region > New Durham Area  (Longstack, Devil's Den, Rines Hill, etc.) > Longstack Precipice > 2. Indigenous Wall",2.4,-1,Lead,Onsight,Trad,,95,1800
2023-10-06,"The Crusher",5.11d,"To clean draws",https://www.mountainproject.com/route/106200868/the-crusher,1,"New Hampshire > *Rumney > Orange Crush",3.8,-1,TR,,Sport,,80,5500
2023-10-06,"The Crusher",5.11d,"Low traverse after clipping second fixed chain draw. Lower crux: match left and right hands on positive right side of large hold, right heel hook and then rock over to grab juggy rail. Ended up on the Vaporizer by mistake. ",https://www.mountainproject.com/route/106200868/the-crusher,1,"New Hampshire > *Rumney > Orange Crush",3.8,-1,Lead,Fell/Hung,Sport,,80,5500
2023-10-06,Tropicana,5.11a,"Very hard for me, need to spend time to find good holds at cruxes",https://www.mountainproject.com/route/105884809/tropicana,1,"New Hampshire > *Rumney > Orange Crush",3.4,-1,Lead,Fell/Hung,Sport,,,4600
2023-10-06,"Lions and Tigers and Bears",5.11b,"Watch out for rope drag, recommended to unclip second draw after clipping third",https://www.mountainproject.com/route/106033484/lions-and-tigers-and-bears,1,"New Hampshire > *Rumney > Orange Crush",3.2,-1,Lead,Onsight,Sport,,,4900
2023-10-06,"Prime Climb",5.11b,"Lots of friction-dependent moves. Lower crux: right hand pinch sloper then left hand into good undercling.",https://www.mountainproject.com/route/106012937/prime-climb,1,"New Hampshire > *Rumney > Orange Crush",2.7,-1,Lead,Fell/Hung,Sport,,,4900
2023-09-23,"Green Eggs and Ham",5.10a,,https://www.mountainproject.com/route/108312776/green-eggs-and-ham,1,"California > San Francisco Bay Area > Marin/Northwest Bay Area > Mickey's Beach > The Egg",2.3,-1,TR,,Sport,,30,2600
2023-09-23,"Egg Face",5.9,,https://www.mountainproject.com/route/105736339/egg-face,1,"California > San Francisco Bay Area > Marin/Northwest Bay Area > Mickey's Beach > The Egg",2.1,-1,Lead,Onsight,Sport,,30,2400
2023-09-23,"Sign Language",5.11-,,https://www.mountainproject.com/route/105734828/sign-language,1,"California > San Francisco Bay Area > Marin/Northwest Bay Area > Mickey's Beach > The Egg",3.4,-1,TR,,Sport,,70,4700
2023-09-23,Egghead,"5.11b PG13",,https://www.mountainproject.com/route/105734840/egghead,1,"California > San Francisco Bay Area > Marin/Northwest Bay Area > Mickey's Beach > The Egg",3.5,-1,Lead,Fell/Hung,Sport,,60,4900
2023-09-23,"Green Eggs and Ham",5.10a,,https://www.mountainproject.com/route/108312776/green-eggs-and-ham,1,"California > San Francisco Bay Area > Marin/Northwest Bay Area > Mickey's Beach > The Egg",2.3,-1,Lead,Onsight,Sport,,30,2600
2023-09-16,"Wholey Logic",5.11c,"Felt as hard as before",https://www.mountainproject.com/route/121500051/wholey-logic,1,"Massachusetts > Western MA > Hanging Mountain > The Grotto",3.3,-1,TR,,Sport,,70,5200
2023-09-16,"Psychedelic Honey",5.11d,,https://www.mountainproject.com/route/121415378/psychedelic-honey,1,"Massachusetts > Western MA > Hanging Mountain > Cloud Buttress",3.4,-1,Lead,Redpoint,Sport,,80,5500
2023-09-16,"Psychedelic Honey",5.11d,"One hang, fell at top crux",https://www.mountainproject.com/route/121415378/psychedelic-honey,1,"Massachusetts > Western MA > Hanging Mountain > Cloud Buttress",3.4,-1,Lead,Fell/Hung,Sport,,80,5500
2023-09-16,"Psychedelic Honey",5.11d,"Figured out beta, go far right after knee bar",https://www.mountainproject.com/route/121415378/psychedelic-honey,1,"Massachusetts > Western MA > Hanging Mountain > Cloud Buttress",3.4,-1,Lead,Fell/Hung,Sport,,80,5500
2023-09-16,"Cost of Admission",5.11b,"One hung at second bolt, straightforward top after roof pull, left heel hook helps. .3 to 3 to top, no nuts needed ",https://www.mountainproject.com/route/121529748/cost-of-admission,1,"Massachusetts > Western MA > Hanging Mountain > Cloud Buttress",2.7,-1,Lead,Fell/Hung,Trad,,60,4900
2023-09-16,Miasma,5.10b,"Not obvious where the good holds are",https://www.mountainproject.com/route/121443842/miasma,1,"Massachusetts > Western MA > Hanging Mountain > Acorn Face/Squirrel Wall",2.3,-1,Lead,Onsight,Sport,,65,2900
2023-09-16,"Radiant Sky",5.10d,"Good warmup. Crux is traverse left and high foot later on",https://www.mountainproject.com/route/121443970/radiant-sky,1,"Massachusetts > Western MA > Hanging Mountain > Acorn Face/Squirrel Wall",3.7,-1,Lead,Onsight,Sport,,63,3500
2023-09-03,"The Big Rip",5.12a,"Cleaned gear on TR. Slopers around last crux felt really hard",https://www.mountainproject.com/route/106366254/the-big-rip,1,"New Hampshire > WM: Kancamagus (Eastern) > Sundown Ledge > Main Cliff",3.0,-1,TR,,Trad,,,6600
2023-09-03,"Eyeless in Gaza",5.12b,"Figured out all the moves on TR. At first crux, after grabbing incut sidepull with left hand, place right foot on foothold at base of crack. At second crux, match on large slopy ledge, right hand cross over to good crimp, rock over to left foot. ",https://www.mountainproject.com/route/105947830/eyeless-in-gaza,1,"New Hampshire > WM: Kancamagus (Eastern) > Sundown Ledge > Main Cliff",3.8,-1,TR,,Sport,,,6900
2023-09-03,"Bon Temps Rouler",5.9,"Save finger sizes for after chimney, look for jugs on the right of finger crack, then traverse ledge to reach hand crack. #4 not necessary. ",https://www.mountainproject.com/route/109498932/bon-temps-rouler,1,"New Hampshire > WM: Kancamagus (Eastern) > Sundown Ledge > Main Cliff",3.3,4,Lead,Onsight,Trad,,130,2400
2023-09-02,"Upper Refuse",5.5,"Linked second pitch with black lung. Finished on tourist overlook but can escape left next time",https://www.mountainproject.com/route/105938018/upper-refuse,2,"New Hampshire > *Cathedral Ledge > Barber Wall",3.1,-1,Lead,Onsight,Trad,,200,1500
2023-09-02,"Black Lung",5.8,"Linked into upper refuse ",https://www.mountainproject.com/route/105922841/black-lung,1,"New Hampshire > *Cathedral Ledge > Barber Wall",3.1,-1,Lead,Onsight,Trad,,100,2100
2023-09-02,Recompense,5.9,"Did beast flake variation, when traversing right after beast flake look for foothold on the left inside corner. Had to take right before bulge on last pitch, next time place a .5 after fixed nut and fire through.",https://www.mountainproject.com/route/105880759/recompense,2,"New Hampshire > *Cathedral Ledge > The Prow Area",3.7,-1,Lead,Fell/Hung,Trad,,400,2400
2023-09-02,"The Beast Flake",5.9,,https://www.mountainproject.com/route/105919971/the-beast-flake,1,"New Hampshire > *Cathedral Ledge > The Prow Area",3.7,-1,Lead,Onsight,Trad,,120,2400
2023-08-27,"Cave Route",5.4,"Linked with Wiessner crack",https://www.mountainproject.com/route/120483864/cave-route,1,"Connecticut > Central Valley > Ragged Mountain > Main Cliff",2.6,-1,Lead,Onsight,Trad,,60,1400
2023-08-27,"Main Street",5.4,"Crux is the bushwhack before chimney",https://www.mountainproject.com/route/105805071/main-street,1,"Connecticut > Central Valley > Ragged Mountain > Main Cliff",2.4,-1,Follow,,Trad,,100,1400
2023-08-27,"Wiessner Crack",5.8,"Took the dirty chimney start, got rained on near the top, finished on the arete. Used lots of finger sizes, didn&#39;t need #3.",https://www.mountainproject.com/route/105800500/wiessner-crack,1,"Connecticut > Central Valley > Ragged Mountain > Main Cliff",3.0,-1,Lead,Onsight,Trad,,40,2100
2023-08-27,"Right Edge","5.7 R",,https://www.mountainproject.com/route/107207529/right-edge,1,"Connecticut > Central Valley > Ragged Mountain > Main Cliff",1.8,-1,Follow,,"Trad, TR",,60,1800
2023-08-27,"Knight's Move",5.4,"Quite stiff for 5.4",https://www.mountainproject.com/route/105805353/knights-move,1,"Connecticut > Central Valley > Ragged Mountain > Main Cliff",2.8,-1,Follow,,Trad,,60,1400
2023-08-27,Vector,5.8+,"Used 2x #3 and 1x #4 (not necessary with pin protecting offwidth part)",https://www.mountainproject.com/route/105800572/vector,1,"Connecticut > Central Valley > Ragged Mountain > Main Cliff",3.1,-1,Lead,Redpoint,Trad,,100,2200
2023-08-11,"Don't Believe The Hype",5.11b,"Not as hard as it seems once good holds are found",https://www.mountainproject.com/route/112324678/dont-believe-the-hype,1,"Wyoming > Jackson Hole > La Cueva de la Cabra (AKA The Goat Cave)",2.9,-1,Lead,Fell/Hung,Sport,,,4900
2023-08-11,"Moral Hazard",5.11a,"Generally good holds but hard to spot them",https://www.mountainproject.com/route/112324673/moral-hazard,1,"Wyoming > Jackson Hole > La Cueva de la Cabra (AKA The Goat Cave)",2.8,-1,Lead,Fell/Hung,Sport,,65,4600
2023-08-11,"Global Warm Up",5.10a/b,"Quite pumpy",https://www.mountainproject.com/route/112324657/global-warm-up,1,"Wyoming > Jackson Hole > La Cueva de la Cabra (AKA The Goat Cave)",2.8,-1,Lead,Onsight,Sport,,65,2800
2023-08-10,"Right Crack",5.9+,"We traversed in from 5th class ledges on the left and skipped first 2 pitches. Led last pitch roof pull crux, extremely windy, placed all 3 #4s we brought but really only needed one. Splitter handcrack but there&#39;s a few loose flakes along the route.",https://www.mountainproject.com/route/107275949/right-crack,3,"Wyoming > Wind River Range > Cirque of the Towers > Sundance Pinnacle",3.2,-1,Lead,Onsight,"Trad, Alpine",,500,2500
2023-08-09,"Northeast Face",5.8+,"8 pitches in 8 hours as a party of 3 with 60+70m ropes. Awesome sustained climb, first 4 pitches were wet as R-facing corner does not get sun. Need to downclimb on first pitch otherwise there&#39;s a 5.10 spicy slab traverse left. Did not traverse right before 5.8 wide pitch, and finger crack below that pitch felt harder than 5.8. ",https://www.mountainproject.com/route/105825209/northeast-face,12,"Wyoming > Wind River Range > Cirque of the Towers > Pingora",3.8,4,Follow,,"Trad, Alpine",,1200,2200
2023-08-07,"South Buttress",5.8,"Caught in a hailstorm, bailed after 3 pitches. Climbing hailstone-filled cracks was not fun. After first pitch climb up and as high as possible to belay, if linking pitches 2 and 3 with 60m rope. ",https://www.mountainproject.com/route/105827746/south-buttress,3,"Wyoming > Wind River Range > Cirque of the Towers > Pingora",3.4,4,Follow,,"Trad, Alpine",,500,2100
2023-07-15,Tardis,5.7,,https://www.mountainproject.com/route/107652089/tardis,1,"New Hampshire > Lakes Region > New Durham Area  (Longstack, Devil's Den, Rines Hill, etc.) > Longstack Precipice > 2. Indigenous Wall",2.3,-1,Follow,,Trad,,65,1800
2023-07-15,"Coyote Rain",5.6,"Swung leads. Led pitch one, look for juggy horizontals on the right of roof pull.",https://www.mountainproject.com/route/107722696/coyote-rain,2,"New Hampshire > Lakes Region > New Durham Area  (Longstack, Devil's Den, Rines Hill, etc.) > Longstack Precipice > 4. Wonderland Wall",3.3,-1,Lead,Onsight,Trad,,140,1600
2023-07-15,"Layback Route",5.8+,"Did The Arete variation of pitch 2, tried 5.10a variation but escaped to 5.8 roof in the end. Possible beta: RH crimp on rail, left heel hook, LH up to good sidepull",https://www.mountainproject.com/route/107652021/layback-route,2,"New Hampshire > Lakes Region > New Durham Area  (Longstack, Devil's Den, Rines Hill, etc.) > Longstack Precipice > 3. The Big Wall",3.1,-1,Lead,Onsight,Trad,,170,2200
2023-07-15,"The Arete",5.8+,"Linked with first pitch of Layback, only need 1 ea of .75 and above, micronuts to protect the traverse. ",https://www.mountainproject.com/route/107652040/the-arete,1,"New Hampshire > Lakes Region > New Durham Area  (Longstack, Devil's Den, Rines Hill, etc.) > Longstack Precipice > 3. The Big Wall",3.6,4,Lead,Onsight,Trad,,55,2200
2023-07-08,Intertwine,5.8,"Dripping wet, slipped out of crack at crux",https://www.mountainproject.com/route/105905517/intertwine,1,"Massachusetts > Central, MA > Crow Hill and Leominster Area > Crow Hill > 5. Main Face",3.3,-1,Lead,Fell/Hung,"Trad, TR",,45,2100
2023-07-08,Cro-Magnon,5.10b/c,"Very damp and humid, cradk quite dirty, had to take a few times to rest",https://www.mountainproject.com/route/106126391/cro-magnon,1,"Massachusetts > Central, MA > Crow Hill and Leominster Area > Crow Hill > 3. Fisherman's Wall",3.7,-1,Lead,Fell/Hung,"Trad, TR",,50,3100
2023-07-02,"The Promised Land",5.12a,"Got to right before crux before falling. Mantled up with left heel hook but right might be better. Couldn&#39;t do the crux, feels very powerful, need to apply tension through small right foothold to switch from left hand side-pull to right hand. ",https://www.mountainproject.com/route/106118529/the-promised-land,1,"New Hampshire > WM: Kancamagus (Eastern) > Sundown Ledge > Main Cliff",3.1,-1,Lead,Fell/Hung,Sport,,60,6600
2023-07-02,"Eyeless in Gaza",5.12b,"Almost completely dry even in the pouring rain. Stopped after trying crux move: right hand side-pull 2/3 up the flake, left foot high, reach out with left hand for incut side-pull. Before crux: undercling with left hand, right hand reach up, move left-foot to higher foothold then move left hand up. ",https://www.mountainproject.com/route/105947830/eyeless-in-gaza,1,"New Hampshire > WM: Kancamagus (Eastern) > Sundown Ledge > Main Cliff",3.8,-1,Lead,Fell/Hung,Sport,,,6900
2023-07-01,Endeavor,5.7+,"Linked pitches 1-2, 4-5. Save .5 for pitch 3 crux, save .75-2 (and maybe 3 #1s) for hand crack on pitch 4-5 if linking them, 70m makes it to the top from pitch 3 anchors ",https://www.mountainproject.com/route/106511942/endeavor,5,"New Hampshire > WM: Bartlett / Jackson Area > White's Ledge",3.2,-1,Lead,Onsight,Trad,,550,1900
2023-06-30,Metamorphosis,5.8+,,https://www.mountainproject.com/route/105959363/metamorphosis,1,"New Hampshire > *Rumney > Armed and Dangerous (Main Cliff Left)",3.4,-1,Lead,Redpoint,Sport,,,2200
2023-06-30,"Only a Crow",5.10c,"Right hand on awkward hold, left hand reach to crimp on left or cross over",https://www.mountainproject.com/route/105929478/only-a-crow,1,"New Hampshire > *Rumney > 5.8 Crag",1.9,-1,Lead,Fell/Hung,Sport,,,3200
2023-06-30,"The 5.8 Crack by the Road",5.7,,https://www.mountainproject.com/route/105906994/the-58-crack-by-the-road,1,"New Hampshire > *Rumney > 5.8 Crag",2.6,-1,Lead,Onsight,Trad,,,1800
2023-06-30,Yoda,5.9,,https://www.mountainproject.com/route/105906879/yoda,1,"New Hampshire > *Rumney > Darth Vader",3.0,-1,Lead,Onsight,Sport,,,2400
2023-06-30,"Oby-won Ryobi",5.9+,,https://www.mountainproject.com/route/105906887/oby-won-ryobi,1,"New Hampshire > *Rumney > Darth Vader",3.1,-1,Lead,Onsight,Sport,,,2500
2023-06-30,"Flying Hawaiian",5.11b,,https://www.mountainproject.com/route/105910536/flying-hawaiian,1,"New Hampshire > *Rumney > Waimea",3.8,-1,TR,,Sport,,,4900
2023-06-30,"Flying Hawaiian",5.11b,"Boulder crux: use crimps on right side. Roof was wet but found some juggy holds. For stemming crux, move to the second foothold to get enough reach for the rail. Quite easy to downclimb to bolt and rest when figuring out crux on lead",https://www.mountainproject.com/route/105910536/flying-hawaiian,1,"New Hampshire > *Rumney > Waimea",3.8,-1,Lead,Fell/Hung,Sport,,,4900
2023-06-30,"The Terrace",5.8,,https://www.mountainproject.com/route/105878180/the-terrace,1,"New Hampshire > *Rumney > 5.8 Crag",1.3,-1,Lead,Onsight,Sport,,30,2100
2023-06-19,"Erect Direction",5.10c,"Had to skip crux move to clean gear, caught off balance and fell off second crux roof pull. Led the exposed exit moves after second crux",https://www.mountainproject.com/route/105799041/erect-direction,3,"New York > The Gunks > The Trapps > h. The Arrow Wall - CCK",3.6,-1,Follow,,Trad,,300,3200
2023-06-18,"High Exposure",5.6,"Traverse towards the arete near end of P1 to avoid massive rope drag. Single rap possible with double 60m ropes with rope stretch",https://www.mountainproject.com/route/105798994/high-exposure,2,"New York > The Gunks > The Trapps > i. High E",3.8,-1,Lead,Onsight,Trad,,250,1600
2023-06-18,"Ants' Line",5.9,"Dropped phone :( Save finger to hand size pieces for crux ",https://www.mountainproject.com/route/105803260/ants-line,1,"New York > The Gunks > The Trapps > i. High E",3.7,-1,Lead,Onsight,Trad,,80,2400
2023-06-18,Ridicullissima,"5.10c/d PG13","Quite hard to clean without getting pumped, went in direct multiple times to shake out and clean gear",https://www.mountainproject.com/route/105888125/ridicullissima,1,"New York > The Gunks > The Trapps > i. High E",3.9,-1,Follow,,Trad,,180,3400
2023-06-11,Inferno,5.8,"Led last two pitches after climbing Cold day in Hell",https://www.mountainproject.com/route/105971326/inferno,2,"New Hampshire > *Whitehorse Ledge > 02. South Buttress > Inferno - Atlantis Area",3.5,-1,Lead,Onsight,Trad,,380,2100
2023-06-11,"Cold Day in Hell",5.9+,"Had to pull/step on last two bolts due to rope drag",https://www.mountainproject.com/route/105946250/cold-day-in-hell,1,"New Hampshire > *Whitehorse Ledge > 02. South Buttress > Inferno - Atlantis Area",3.1,-1,Lead,Fell/Hung,Trad,,150,2500
2023-05-19,"Drawn and Quartered",5.12,,https://www.mountainproject.com/route/121635893/drawn-and-quartered,1,"Massachusetts > Western MA > Hanging Mountain > Cloud Buttress",3.8,-1,TR,,Sport,,80,7000
2023-05-19,"Drawn and Quartered",5.12,"Bottom traverse: start with low feet, pocket with right middle finger, reach left, shift feet, bump left hand.
Top crux: need to stem very wide with feet to hold onto sloper, wasn&#39;t able to work this out",https://www.mountainproject.com/route/121635893/drawn-and-quartered,1,"Massachusetts > Western MA > Hanging Mountain > Cloud Buttress",3.8,-1,Lead,Fell/Hung,Sport,,80,7000
2023-05-19,"Cloud Nine",5.9,,https://www.mountainproject.com/route/121426331/cloud-nine,1,"Massachusetts > Western MA > Hanging Mountain > Cloud Buttress",3.6,-1,Lead,Onsight,Trad,,80,2400
2023-05-19,"Pillow Talk",5.11a,"Hung on gear a few times, .5 protects both cruxes, jams quite sharp, maybe tape up fingers, ",https://www.mountainproject.com/route/121616837/pillow-talk,1,"Massachusetts > Western MA > Hanging Mountain > Cloud Buttress",3.2,-1,Lead,Fell/Hung,Trad,,85,4600
2023-05-19,"Trouble Weighs a Ton",5.10d,"Messed up very last move, need to move left of alcove, stem, crimp with right hand and reach up with left",https://www.mountainproject.com/route/121426311/trouble-weighs-a-ton,1,"Massachusetts > Western MA > Hanging Mountain > Cloud Buttress",3.1,-1,Lead,Fell/Hung,Sport,,60,3500
2023-05-19,"Stone By Stone",5.8,,https://www.mountainproject.com/route/121472410/stone-by-stone,1,"Massachusetts > Western MA > Hanging Mountain > Cloud Buttress",3.0,-1,Lead,Onsight,Sport,,50,2100
2023-04-22,Transcendentalism,5.11a,,https://www.mountainproject.com/route/121426317/transcendentalism,1,"Massachusetts > Western MA > Hanging Mountain > Cloud Buttress",3.4,-1,Lead,Onsight,Sport,,70,4600
2023-04-22,"Wholey Logic",5.11c,"lacking finger strength for crux, pulled past it",https://www.mountainproject.com/route/121500051/wholey-logic,1,"Massachusetts > Western MA > Hanging Mountain > The Grotto",3.3,-1,Lead,Fell/Hung,Sport,,70,5200
2023-04-22,Indivisible,5.10a,,https://www.mountainproject.com/route/121416195/indivisible,1,"Massachusetts > Western MA > Hanging Mountain > The Grotto",2.9,-1,Lead,Onsight,Trad,,40,2600
2023-04-22,"Rising Tide",5.10b/c,,https://www.mountainproject.com/route/121415854/rising-tide,1,"Massachusetts > Western MA > Hanging Mountain > The Grotto",3.5,-1,Lead,Onsight,Sport,,50,3100
2023-04-15,"5.12a sport",5.12a,"Farley inside bat cave, wet, cleaned same route on TR",https://www.mountainproject.com/route/112166339/512a-sport,1,"* In Progress > Generic Area",3.0,-1,TR,Fell/Hung,Sport,,,6600
2023-04-15,"5.12a sport",5.12a,"Farley inside bat cave, wet, pulled on draws to get past wet parts",https://www.mountainproject.com/route/112166339/512a-sport,1,"* In Progress > Generic Area",3.0,-1,Lead,Fell/Hung,Sport,,,6600
2023-04-15,"5.9 sport",5.9,"Eye Opener, Farley wall of early morning light",https://www.mountainproject.com/route/112166293/59-sport,1,"* In Progress > Generic Area",2.5,-1,Lead,Onsight,Sport,,,2400
2023-04-15,"5.9 trad",5.9,"Wiessner, Farley wall of early morning light, two bolts protecting mantle onto flake, hung to find beta. ",https://www.mountainproject.com/route/112166365/59-trad,1,"* In Progress > Generic Area",3.0,-1,Lead,Fell/Hung,Trad,,,2400
2023-04-15,"5.9 trad",5.9,"Wiessner, Farley wall of early morning light",https://www.mountainproject.com/route/112166365/59-trad,1,"* In Progress > Generic Area",3.0,-1,Lead,Pinkpoint,Trad,,,2400
2023-04-15,"5.6 trad",5.6,"Farley Main Slabs/Zen",https://www.mountainproject.com/route/112166356/56-trad,1,"* In Progress > Generic Area",2.5,-1,Lead,Onsight,Trad,,,1600
2023-04-09,"Tensile Strength",5.9+,,https://www.mountainproject.com/route/105909396/tensile-strength,1,"Massachusetts > Eastern, MA > Quincy Quarries > K Wall (aka M Face)",2.8,-1,TR,,"Sport, TR",,50,2500
2023-04-08,Pins,5.9+,,https://www.mountainproject.com/route/105909388/pins,1,"Massachusetts > Eastern, MA > Quincy Quarries > K Wall (aka M Face)",2.6,-1,TR,,"Trad, TR",,50,2500
2023-04-08,"The Power of Positive Thinking","5.10+ PG13",,https://www.mountainproject.com/route/106084986/the-power-of-positive-thinking,1,"Massachusetts > Eastern, MA > Quincy Quarries > K Wall (aka M Face)",2.8,-1,TR,,"Trad, TR",,65,3300
2023-04-08,"Outside Corner",5.8,,https://www.mountainproject.com/route/105909380/outside-corner,1,"Massachusetts > Eastern, MA > Quincy Quarries > K Wall (aka M Face)",2.7,-1,TR,,"Trad, TR",,50,2100
2022-12-30,"Unconquerable Crack",5.9+,"Didn't have a #4 so had to make do with a tipped out #3",https://www.mountainproject.com/route/105799132/unconquerable-crack,1,"Connecticut > Central Valley > Ragged Mountain > Main Cliff",3.5,-1,Lead,Redpoint,Trad,,80,2500
2022-12-30,"Ancient Way",5.5,,https://www.mountainproject.com/route/105799305/ancient-way,1,"Connecticut > Central Valley > Ragged Mountain > Main Cliff",2.5,-1,Follow,,Trad,,60,1500
2022-12-30,"Wiessner Slab",5.3,,https://www.mountainproject.com/route/105799127/wiessner-slab,1,"Connecticut > Central Valley > Ragged Mountain > Main Cliff",2.6,-1,Follow,,Trad,,60,1300
2022-12-30,"Tower Crack",5.7+,"Need to take time to find good footholds when moving up the offwidth.",https://www.mountainproject.com/route/105799452/tower-crack,1,"Connecticut > Central Valley > Ragged Mountain > Main Cliff",2.4,-1,Lead,Fell/Hung,Trad,,30,1900
2022-11-24,"When Rats Attack",5.10b,,https://www.mountainproject.com/route/106065310/when-rats-attack,1,"Kentucky > Red River Gorge > (PMRP) Pendergrass-Murray Recreational Preserve > Drive-Bob Parking > Chica Bonita Wall",2.6,-1,Lead,Onsight,Sport,,60,2900
2022-11-24,"Cheaper Than a Movie",5.8,"Rack .75s, 1s and 3 on the right, slabby feet but overhanging crack, thumbs down ringlock with left hand",https://www.mountainproject.com/route/106064911/cheaper-than-a-movie,1,"Kentucky > Red River Gorge > (PMRP) Pendergrass-Murray Recreational Preserve > Drive-Bob Parking > Chica Bonita Wall",3.7,-1,Lead,Onsight,Trad,,100,2100
2022-11-24,"Brown Eyed Girl",5.10a,"Good warmup",https://www.mountainproject.com/route/106065316/brown-eyed-girl,1,"Kentucky > Red River Gorge > (PMRP) Pendergrass-Murray Recreational Preserve > Drive-Bob Parking > Chica Bonita Wall",3.3,-1,Lead,Onsight,Sport,,70,2600
2022-11-24,Bessie,5.11c,"TR Send",https://www.mountainproject.com/route/106065327/bessie,1,"Kentucky > Red River Gorge > (PMRP) Pendergrass-Murray Recreational Preserve > Drive-Bob Parking > Chica Bonita Wall",3.0,3,TR,,Sport,,100,5200
2022-11-24,Bessie,5.11c,"Ticked holds and figured out sequence. Crux at shelf requires right heel hook then rock over and big reach",https://www.mountainproject.com/route/106065327/bessie,1,"Kentucky > Red River Gorge > (PMRP) Pendergrass-Murray Recreational Preserve > Drive-Bob Parking > Chica Bonita Wall",3.0,3,TR,,Sport,,100,5200
2022-11-23,Dyn-O-Mite,5.9-,,https://www.mountainproject.com/route/106773955/dyn-o-mite,1,"Kentucky > Red River Gorge > Muir Valley > Great Arch, The",2.9,-1,Lead,Onsight,Sport,,85,2300
2022-11-23,Moonshine,5.10b,"Fun boulder problem at second bolt, no hands kneebar rest midway",https://www.mountainproject.com/route/106915629/moonshine,1,"Kentucky > Red River Gorge > Muir Valley > Sunbeam Buttress",2.3,-1,Lead,Onsight,Sport,,60,2900
2022-11-23,"Gettin' Lucky in Kentucky",5.10b,,https://www.mountainproject.com/route/106065461/gettin-lucky-in-kentucky,1,"Kentucky > Red River Gorge > Muir Valley > Tectonic Wall",3.3,4,Lead,Onsight,Sport,,60,2900
2022-11-23,"Crescent Moon",5.10a,,https://www.mountainproject.com/route/106969859/crescent-moon,1,"Kentucky > Red River Gorge > Muir Valley > Practice Wall",2.0,3,Lead,Onsight,Sport,,35,2600
2022-11-23,"Beta Spewer",5.10b,"stick clipped second bolt",https://www.mountainproject.com/route/106792065/beta-spewer,1,"Kentucky > Red River Gorge > Muir Valley > Practice Wall",2.7,2,TR,,Sport,,20,2900
2022-11-22,Kampsight,5.9+,,https://www.mountainproject.com/route/105882851/kampsight,1,"Kentucky > Red River Gorge > Natural Bridge Region > Graining Fork Nature Preserve (a.k.a. Roadside Crag)",2.7,-1,Lead,Onsight,Sport,,80,2500
2022-11-22,"Trouble Clef",5.9,,https://www.mountainproject.com/route/106227805/trouble-clef,1,"Kentucky > Red River Gorge > Natural Bridge Region > Graining Fork Nature Preserve (a.k.a. Roadside Crag)",2.5,-1,Lead,Onsight,Sport,,80,2400
2022-11-22,"Roadside Attraction",5.7,"RP first pitch, onsight second, didn't need anything smaller than .75",https://www.mountainproject.com/route/105860741/roadside-attraction,2,"Kentucky > Red River Gorge > Natural Bridge Region > Graining Fork Nature Preserve (a.k.a. Roadside Crag)",3.8,-1,Lead,Redpoint,Trad,,120,1800
2022-11-22,"Roadside Attraction",5.7,"Hard without crack gloves, rock very abrasive ",https://www.mountainproject.com/route/105860741/roadside-attraction,1,"Kentucky > Red River Gorge > Natural Bridge Region > Graining Fork Nature Preserve (a.k.a. Roadside Crag)",3.8,-1,Lead,Fell/Hung,Trad,,120,1800
2022-11-21,"The Glass Elevator",5.10d,"Failed to find clipping position for last clip so stick clipped it",https://www.mountainproject.com/route/106927822/the-glass-elevator,1,"Kentucky > Red River Gorge > (BRRP) Bald Rock Recreational Preserve > Chocolate Factory",3.0,-1,TR,,Sport,,60,3500
2022-11-21,"Augustus Gloop",5.9,,https://www.mountainproject.com/route/107756397/augustus-gloop,1,"Kentucky > Red River Gorge > (BRRP) Bald Rock Recreational Preserve > Chocolate Factory",2.4,-1,Lead,Onsight,Sport,,60,2400
2022-11-21,"Hip to the Jive",5.11b,"Too hard to distinguish the bad holds from good ones, felt very pumped",https://www.mountainproject.com/route/107379148/hip-to-the-jive,1,"Kentucky > Red River Gorge > (BRRP) Bald Rock Recreational Preserve > Chocolate Factory",3.3,-1,Lead,Fell/Hung,Sport,,65,4900
2022-11-20,"Little Viper",5.10b,,https://www.mountainproject.com/route/106065268/little-viper,1,"Kentucky > Red River Gorge > Muir Valley > Bruise Brothers Wall",2.7,-1,Lead,Onsight,Sport,,50,2900
2022-11-20,"Return of Manimal",5.10c/d,"Awesome climb! Big moves on easy holds ",https://www.mountainproject.com/route/106061901/return-of-manimal,1,"Kentucky > Red River Gorge > Muir Valley > Bruise Brothers Wall",3.5,-1,Lead,Onsight,Sport,,85,3400
2022-11-20,"Don't Take Yer Guns to Town",5.10c,"One hang at roof, need to put right heel up and pull over with right hand",https://www.mountainproject.com/route/106579371/dont-take-yer-guns-to-town,1,"Kentucky > Red River Gorge > Muir Valley > Bruise Brothers Wall",2.5,-1,Lead,Fell/Hung,Sport,,50,3200
2022-11-20,"Flutterby Blue",5.9,,https://www.mountainproject.com/route/106712455/flutterby-blue,1,"Kentucky > Red River Gorge > Muir Valley > Bruise Brothers Wall",2.3,-1,Lead,Onsight,Sport,,40,2400
2022-11-19,"Mr. Bungle",5.8,,https://www.mountainproject.com/route/105860693/mr-bungle,1,"Kentucky > Red River Gorge > Northern Gorge > Left Flank",2.5,-1,Lead,Onsight,Sport,,60,2100
2022-11-19,"Face Up To That Crack",5.8,"Delivered knife to another climber with stuck carabiner on adjacent climb",https://www.mountainproject.com/route/105860667/face-up-to-that-crack,1,"Kentucky > Red River Gorge > Northern Gorge > Left Flank",2.7,-1,Lead,Onsight,"Trad, Sport",,70,2100
2022-11-05,"Owl Perch",5.8,"Slippery rock, felt hard",https://www.mountainproject.com/route/105804853/owl-perch,1,"Connecticut > Central Valley > Ragged Mountain > Main Cliff",2.6,-1,Follow,,"Trad, TR",,100,2100
2022-11-05,"YMC Route",5.9,,https://www.mountainproject.com/route/105800455/ymc-route,1,"Connecticut > Central Valley > Ragged Mountain > Main Cliff",3.3,-1,Follow,,Trad,,100,2400
2022-11-05,"Unconquerable Crack",5.9+,"First trad whipper, fell onto #2 at crux. Save .75, 2x #1 and #2 for crux, hidden jug in crack after placing #2",https://www.mountainproject.com/route/105799132/unconquerable-crack,1,"Connecticut > Central Valley > Ragged Mountain > Main Cliff",3.5,-1,Lead,Fell/Hung,Trad,,80,2500
2022-11-05,Vector,5.8+,,https://www.mountainproject.com/route/105800572/vector,1,"Connecticut > Central Valley > Ragged Mountain > Main Cliff",3.1,-1,Follow,,Trad,,100,2200
2022-11-05,Broadway,5.8,"Tricky placements, offset nuts are very useful",https://www.mountainproject.com/route/105799509/broadway,1,"Connecticut > Central Valley > Ragged Mountain > Main Cliff",3.2,-1,Lead,Onsight,Trad,,100,2100
2022-10-30,"Black Jack Crack","5.10d V2","TR Send, can probably redpoint on gear next time",https://www.mountainproject.com/route/105899775/black-jack-crack,1,"New Hampshire > *Rumney > *Rumney Bouldering > Black Jack Boulders > Black Jack Boulder Area > The Black Jack Boulder",3.7,4,Attempt,,"Trad, Boulder",,30,3500
2022-10-30,Centerpiece,5.10d,"Too tired this time, hard to figure which holds are good on first try of the day",https://www.mountainproject.com/route/105906870/centerpiece,1,"New Hampshire > *Rumney > Bonsai",3.4,-1,Lead,Fell/Hung,Sport,,70,3500
2022-10-30,"Armed and Dangerous, and Off My Medication",5.10b,,https://www.mountainproject.com/route/105935097/armed-and-dangerous-and-off-my-medication,1,"New Hampshire > *Rumney > Armed and Dangerous (Main Cliff Left)",3.5,4,Lead,Onsight,Sport,,,2900
2022-10-30,"Supersize Me",5.6,"To get onto ledge for Space Shuttle, but probably best to just do the scramble...",https://www.mountainproject.com/route/106059019/supersize-me,1,"New Hampshire > *Rumney > The Main Cliff",1.7,-1,Lead,Onsight,Sport,,30,1600
2022-10-30,"Space Shuttle",5.9+,"Placed 8 pieces in total, but probably could do with fewer and save totems for blind placements. Not tall enough to slot in nut on the right side before pulling roof, moves are relatively easy but committing. Blind placements when liebacking: red c4, green c4, blue totem, black totem",https://www.mountainproject.com/route/106098427/space-shuttle,1,"New Hampshire > *Rumney > The Main Cliff",3.0,3,Lead,Onsight,Trad,,,2500
2022-10-30,"Tipping Point",5.8,,https://www.mountainproject.com/route/110494969/tipping-point,2,"New Hampshire > *Rumney > Main Cliff Right",2.7,3,Lead,Onsight,Sport,,,2100
2022-10-23,"Mighty Mouse",5.10c,"Match at crack past second bolt felt desperate, also messed up sequence at top but sent anyways",https://www.mountainproject.com/route/113506703/mighty-mouse,1,"New Hampshire > *Rumney > The Buffalo Corral > Small Wall",2.3,-1,Lead,Redpoint,Sport,,30,3200
2022-10-23,"Mighty Mouse",5.10c,"Failed onsight at the small crack ",https://www.mountainproject.com/route/113506703/mighty-mouse,1,"New Hampshire > *Rumney > The Buffalo Corral > Small Wall",2.3,-1,Lead,Fell/Hung,Sport,,30,3200
2022-10-23,"Flaming Arrow",5.9+,,https://www.mountainproject.com/route/113509678/flaming-arrow,1,"New Hampshire > *Rumney > The Buffalo Corral > Slab Wall",2.5,-1,Lead,Onsight,Sport,,50,2500
2022-10-23,Stampede,5.8,,https://www.mountainproject.com/route/113509694/stampede,1,"New Hampshire > *Rumney > The Buffalo Corral > Slab Wall",2.4,-1,Lead,Onsight,Sport,,50,2100
2022-10-23,"Mild Horses",5.5,,https://www.mountainproject.com/route/113509622/mild-horses,1,"New Hampshire > *Rumney > The Buffalo Corral > Slab Wall",1.9,-1,TR,,Sport,,50,1500
2022-10-23,"Mr. Buffoolo To You",5.4,,https://www.mountainproject.com/route/113501788/mr-buffoolo-to-you,1,"New Hampshire > *Rumney > Buffalo Pit",2.0,-1,TR,,Sport,,45,1400
2022-10-23,"Rainy Day",5.7,,https://www.mountainproject.com/route/106744844/rainy-day,1,"New Hampshire > *Rumney > Buffalo Pit",2.0,-1,Lead,Onsight,Trad,,60,1800
2022-10-16,"Flesh For Lulu",5.12b,"Did all the moves up to last bolt, but too pumped to clip it so had to stick clip and aid my way up to the anchors :(",https://www.mountainproject.com/route/105908632/flesh-for-lulu,1,"New Hampshire > *Rumney > The Meadows > Holderness Corner",3.6,4,Lead,Fell/Hung,Sport,,,6900
2022-10-16,"Holderness Arete",5.10b,"Crux move felt quite slippery",https://www.mountainproject.com/route/105962956/holderness-arete,1,"New Hampshire > *Rumney > The Meadows > Holderness Corner",2.5,-1,Lead,Fell/Hung,Sport,,,2900
2022-10-16,"Hippos on Parade",5.9,,https://www.mountainproject.com/route/105961400/hippos-on-parade,1,"New Hampshire > *Rumney > The Meadows > Center Section",2.7,-1,Lead,Onsight,Sport,,,2400
2022-10-16,"Holderness School Corner",5.8,,https://www.mountainproject.com/route/105962946/holderness-school-corner,1,"New Hampshire > *Rumney > The Meadows > Holderness Corner",3.0,-1,Lead,Onsight,Trad,,,2100
2022-10-16,"Glory Jean's",5.6,,https://www.mountainproject.com/route/105961422/glory-jeans,1,"New Hampshire > *Rumney > The Parking Lot Wall",2.6,-1,Lead,Onsight,Sport,,40,1600
2022-09-25,"The West Chimney",5.7,"Went slightly off route first pitch, need to traverse left after first piton. Linked second and third pitches without much rope drag",https://www.mountainproject.com/route/105999228/the-west-chimney,3,"New Hampshire > WM: Franconia Notch > Hounds Hump Ridge (Eaglet etc) > The Eaglet",3.4,-1,Lead,Onsight,Trad,,200,1800
2022-09-25,Rocket,5.6,,https://www.mountainproject.com/route/105947942/rocket,1,"New Hampshire > WM: Franconia Notch > Echo Crag > 1. Square Inch Wall",2.3,-1,TR,,Trad,,60,1600
2022-09-17,"Whitney Gilman Ridge",5.7,"Swung leads with Aditya, led the 5.8 exposed crack variation and the pipe pitch as one pitch, need to belay at large ledge after pipe pitch for 60m rope to reach the top if linking last 2 pitches",https://www.mountainproject.com/route/105872668/whitney-gilman-ridge,6,"New Hampshire > *Cannon Cliff > Whitney-Gilman Area",3.7,-1,Lead,Onsight,"Trad, Alpine",,600,1800
2022-09-03,"Blue Collar Crack",5.9,"Climbed to anchors on left then got lost, downclimbed and rapped down",https://www.mountainproject.com/route/106182736/blue-collar-crack,1,"Utah > Wasatch Range > Central Wasatch > Little Cottonwood Canyon > Lizard Head Wall",2.5,-1,Lead,,Trad,,185,2400
2022-09-02,"Squeeze My Lemon",5.7,"60m rope barely sufficient for rappel",https://www.mountainproject.com/route/105822918/squeeze-my-lemon,1,"Utah > Wasatch Range > Central Wasatch > Little Cottonwood Canyon > Lizard Head Wall",3.4,-1,Lead,Onsight,Trad,,,1800
2022-08-31,"South Buttress",5.8,"Did 5.6 variation, linked pitches 2-3 with a 60m rope but follower needed to scramble up for rope to reach spot to build gear anchor. First 2 raps couldn&#39;t be fully reached with 60m rope, needed to do some downclimbing",https://www.mountainproject.com/route/105827746/south-buttress,4,"Wyoming > Wind River Range > Cirque of the Towers > Pingora",3.4,4,Lead,Onsight,"Trad, Alpine",,500,2100
2022-08-26,"East Ridge",5.6,"1st 3 pitches used all of 60m rope, last pitch used ~40m. Did amazing 5.7 hand crack variation on last pitch, needed 2 #2s and 1 #3 to protect crux",https://www.mountainproject.com/route/105984852/east-ridge,1,"Wyoming > Grand Teton National Park > Disappointment Peak",3.1,4,Lead,Onsight,"Trad, Alpine",,500,1600
2022-08-24,"Losing My Religion",5.7,,https://www.mountainproject.com/route/107808135/losing-my-religion,3,"Utah > Wasatch Range > Central Wasatch > Little Cottonwood Canyon > Waterfront, The",2.8,-1,Lead,Onsight,Trad,,205,1800
2022-08-24,"Sultans of Swing","5.6 PG13",,https://www.mountainproject.com/route/117762115/sultans-of-swing,1,"Utah > Wasatch Range > Central Wasatch > Little Cottonwood Canyon > Waterfront, The",1.9,-1,Lead,Onsight,Sport,,95,1600
2022-08-14,"Northeast Ridge of the Pinnacle",5.7,"Did the 5.8 variation, linked pitches 3 and 4, 5 and 6",https://www.mountainproject.com/route/106304119/northeast-ridge-of-the-pinnacle,7,"New Hampshire > WM: Pinkham / Presidentials > 05. Huntington Ravine",3.4,-1,Lead,Onsight,Trad,,900,1800
2022-08-13,"Pine Tree Eliminate",5.8+,"One hang near the bottom when foot slipped",https://www.mountainproject.com/route/105920872/pine-tree-eliminate,1,"New Hampshire > *Cathedral Ledge > Airation Buttress",3.4,-1,Lead,Fell/Hung,Trad,,90,2200
2022-08-13,"Thin Air",5.6,,https://www.mountainproject.com/route/105904036/thin-air,4,"New Hampshire > *Cathedral Ledge > Thin Air Face",3.4,-1,Lead,Onsight,Trad,,300,1600
2022-08-07,Boardwalk,5.5,,https://www.mountainproject.com/route/105905500/boardwalk,1,"Massachusetts > Central, MA > Crow Hill and Leominster Area > Crow Hill > 6. Practice Face (right end)",2.4,-1,Lead,,"Trad, TR",,80,1500
2022-08-07,Crescent,5.4,,https://www.mountainproject.com/route/105907668/crescent,1,"Massachusetts > Central, MA > Crow Hill and Leominster Area > Crow Hill > 6. Practice Face (right end)",1.3,-1,Follow,,Trad,,70,1400
2022-08-07,"Green Route",5.5,"Led first pitch, then swung leads with Aditya",https://www.mountainproject.com/route/105907205/green-route,2,"Massachusetts > Central, MA > Crow Hill and Leominster Area > Crow Hill > 2. Green Corner",2.5,-1,Lead,Onsight,Trad,,120,1500
2022-08-07,"Tom's Dilemma",5.6,,https://www.mountainproject.com/route/105907659/toms-dilemma,1,"Massachusetts > Central, MA > Crow Hill and Leominster Area > Crow Hill > 1. End Crags",2.6,-1,Lead,Onsight,Trad,,35,1600
2022-07-09,"Anti-Social Behavior",5.11b,"Stick clipped first bolt and worked out boulder problem",https://www.mountainproject.com/route/105956683/anti-social-behavior,1,"New Hampshire > *Rumney > Bonsai",2.2,-1,Lead,Redpoint,Sport,,35,4900
2022-07-09,Centerpiece,5.10d,"One hang around 4th bolt, didn&#39;t see good hold further up",https://www.mountainproject.com/route/105906870/centerpiece,1,"New Hampshire > *Rumney > Bonsai",3.4,-1,Lead,Fell/Hung,Sport,,70,3500
2022-07-09,Masterpiece,5.10a,,https://www.mountainproject.com/route/105878204/masterpiece,1,"New Hampshire > *Rumney > Bonsai",3.1,-1,Lead,Onsight,Sport,,,2600
2022-07-09,"The Little Mermaid",5.6,"Led on gear, felt like a Gunks climb",https://www.mountainproject.com/route/106454898/the-little-mermaid,1,"New Hampshire > *Rumney > The Crow's Nest",2.4,-1,Lead,Onsight,Sport,,40,1600
2022-07-09,Scuttlebutt,5.6,"Climbed chimney all the way to anchors, quite painful and exhausting",https://www.mountainproject.com/route/106263810/scuttlebutt,1,"New Hampshire > *Rumney > The Crow's Nest",2.3,-1,Lead,Onsight,Sport,,40,1600
2022-07-09,"Pee Wee's Big Adventure",5.4,"Flared cracks take offset nuts very well ",https://www.mountainproject.com/route/105966723/pee-wees-big-adventure,1,"New Hampshire > *Rumney > The Crow's Nest",2.7,-1,Lead,Onsight,Trad,,,1400
2022-07-09,"Lady and the Tramp",5.4,"Climbed in almost worn out train running shoes, friction still pretty good",https://www.mountainproject.com/route/106057108/lady-and-the-tramp,2,"New Hampshire > *Rumney > Jimmy Cliff",2.7,-1,Lead,Onsight,Sport,,250,1400
2022-07-09,"Men In White Suits",5.9,,https://www.mountainproject.com/route/105959381/men-in-white-suits,1,"New Hampshire > *Rumney > Armed and Dangerous (Main Cliff Left)",2.4,-1,Lead,Onsight,Sport,,,2400
2022-07-09,"Toxic Gumbo",5.8,,https://www.mountainproject.com/route/106148885/toxic-gumbo,1,"New Hampshire > *Rumney > Armed and Dangerous (Main Cliff Left)",2.6,-1,Lead,Onsight,Sport,,80,2100
2022-06-26,"Lonesome Dove",5.10a,"smearing with kubos felt very good",https://www.mountainproject.com/route/105879126/lonesome-dove,1,"New Hampshire > *Rumney > Jimmy Cliff",3.6,-1,Lead,Redpoint,Sport,,,2600
2022-06-26,"Clip a Dee Doo Dah",5.3,,https://www.mountainproject.com/route/105888037/clip-a-dee-doo-dah,2,"New Hampshire > *Rumney > Jimmy Cliff",3.1,-1,Lead,Onsight,Sport,,300,1300
2022-06-26,"Kennel Wall | 1695",5.11a,"Placed all draws too, left hand side pull in pocket for last draw and anchor",https://www.mountainproject.com/route/105951695/kennel-wall-1695,1,"New Hampshire > *Rumney > Kennel Wall",3.0,-1,Lead,Redpoint,Sport,,50,4600
2022-06-26,"Dog Star",5.10b,,https://www.mountainproject.com/route/105965811/dog-star,1,"New Hampshire > *Rumney > Kennel Wall",2.4,-1,Lead,Onsight,Sport,,,2900
2022-06-26,Always,5.10b,"Quite hard to start, and to pull over the buldge",https://www.mountainproject.com/route/110964507/always,1,"New Hampshire > *Rumney > The Balcony",2.0,-1,Lead,Onsight,Sport,,50,2900
2022-06-26,"After All This Time",5.7,,https://www.mountainproject.com/route/110964463/after-all-this-time,1,"New Hampshire > *Rumney > The Balcony",3.5,-1,Lead,Onsight,Sport,,50,1800
2022-06-19,"Three Doves",5.8+,"Led first pitch, first lead in the Gunks",https://www.mountainproject.com/route/105868264/three-doves,1,"New York > The Gunks > The Trapps > h. The Arrow Wall - CCK",3.3,-1,Lead,Onsight,Trad,,210,2200
2022-06-19,"The Last Will Be First",5.6,"led up to rap bolts",https://www.mountainproject.com/route/105950518/the-last-will-be-first,1,"New York > The Gunks > The Trapps > h. The Arrow Wall - CCK",3.0,-1,Lead,Onsight,Trad,,230,1600
2022-06-19,"Cascading Crystal Kaleidoscope (CCK)","5.8- PG13",,https://www.mountainproject.com/route/105801065/cascading-crystal-kaleidoscope-cck,3,"New York > The Gunks > The Trapps > h. The Arrow Wall - CCK",3.8,-1,Follow,,Trad,,250,2000
2022-06-19,"Annie Oh!",5.8+,"Followed second pitch",https://www.mountainproject.com/route/105801570/annie-oh,1,"New York > The Gunks > The Trapps > h. The Arrow Wall - CCK",3.4,-1,Follow,Onsight,Trad,,220,2200
2022-06-18,"Back Door Betty",5.4,,https://www.mountainproject.com/route/112377317/back-door-betty,2,"New York > The Gunks > The Trapps > b. Jackie and friends",3.2,4,Follow,,Trad,,100,1400
2022-06-18,Alphonse,5.8,"Sick free-hanging rappel",https://www.mountainproject.com/route/105815363/alphonse,2,"New York > The Gunks > The Near Trapps > a. Beginning of cliff to Gelsa",3.4,-1,Follow,,Trad,,150,2100
2022-06-18,Classic,5.7,,https://www.mountainproject.com/route/105812947/classic,2,"New York > The Gunks > The Trapps > b. Jackie and friends",3.0,-1,Follow,,Trad,,140,1800
2022-06-18,"Yellow Ridge",5.7,,https://www.mountainproject.com/route/105799421/yellow-ridge,3,"New York > The Gunks > The Near Trapps > a. Beginning of cliff to Gelsa",3.6,-1,Follow,,Trad,,200,1800
2022-06-18,Disneyland,5.6,,https://www.mountainproject.com/route/105799486/disneyland,2,"New York > The Gunks > The Near Trapps > a. Beginning of cliff to Gelsa",3.2,-1,Follow,,Trad,,155,1600
2022-06-12,"Darth Vader",5.9,"Mock Lead",https://www.mountainproject.com/route/105917376/darth-vader,1,"New Hampshire > *Rumney > Darth Vader",2.5,-1,TR,,Trad,,,2400
2022-06-12,"Black Jack Crack","5.10d V2",,https://www.mountainproject.com/route/105899775/black-jack-crack,1,"New Hampshire > *Rumney > *Rumney Bouldering > Black Jack Boulders > Black Jack Boulder Area > The Black Jack Boulder",3.7,4,TR,,"Trad, Boulder",,30,3500
2022-06-12,"Zacker Cracker",5.10d,"preplaced gear, couldn't pull final move over roof",https://www.mountainproject.com/route/106409735/zacker-cracker,1,"New Hampshire > *Rumney > Kennel Wall",3.0,-1,Lead,Fell/Hung,Trad,,50,3500
2022-06-12,"Kennel Wall | 1695",5.11a,"left side pull in hole for topout",https://www.mountainproject.com/route/105951695/kennel-wall-1695,1,"New Hampshire > *Rumney > Kennel Wall",3.0,-1,TR,,Sport,,50,4600
2022-06-12,"Lies and Propaganda",5.9,,https://www.mountainproject.com/route/105923839/lies-and-propaganda,1,"New Hampshire > *Rumney > The Meadows > Center Section",2.6,-1,Lead,,Sport,,55,2400
2022-06-11,Diedre,5.10a,,https://www.mountainproject.com/route/105938087/diedre,5,"New Hampshire > *Cathedral Ledge > The Diedre Area",3.5,-1,Follow,,Trad,,350,2600
2022-06-11,"Childs Play",5.6,"First trad lead",https://www.mountainproject.com/route/105938053/childs-play,1,"New Hampshire > *Cathedral Ledge > The North End",2.0,-1,Lead,Onsight,Trad,,80,1600
2022-06-11,Nutcracker,5.10a,,https://www.mountainproject.com/route/105922177/nutcracker,1,"New Hampshire > *Cathedral Ledge > Barber Wall",3.6,-1,TR,,Trad,,75,2600
2022-06-05,Boardwalk,5.5,"Mock Lead",https://www.mountainproject.com/route/105905500/boardwalk,1,"Massachusetts > Central, MA > Crow Hill and Leominster Area > Crow Hill > 6. Practice Face (right end)",2.4,-1,TR,,"Trad, TR",,80,1500
2022-06-05,Jane,"5.11a PG13","hung a lot",https://www.mountainproject.com/route/106128569/jane,1,"Massachusetts > Central, MA > Crow Hill and Leominster Area > Crow Hill > 3. Fisherman's Wall",3.5,-1,TR,,"Trad, TR",,100,4600
2022-06-05,Cro-Magnon,5.10b/c,"hung a few times to rest",https://www.mountainproject.com/route/106126391/cro-magnon,1,"Massachusetts > Central, MA > Crow Hill and Leominster Area > Crow Hill > 3. Fisherman's Wall",3.7,-1,TR,,"Trad, TR",,50,3100
2022-06-04,"Double Helix (aka Rikert's Corner)",5.9,"Mock lead",https://www.mountainproject.com/route/105805595/double-helix-aka-rikerts-corner,1,"Massachusetts > Western MA > Rose Ledge > 02 - Main Face",3.4,-1,TR,,"Trad, TR",,40,2400
2022-06-04,"Fun Crack (aka Fist Fight)",5.8,,https://www.mountainproject.com/route/105982584/fun-crack-aka-fist-fight,1,"Massachusetts > Western MA > Rose Ledge > 02 - Main Face",2.6,-1,TR,,"Trad, TR",,20,2100
2022-06-04,"Guillotine (aka Double Overhead Cam)",5.8,"Mock lead",https://www.mountainproject.com/route/105805587/guillotine-aka-double-overhead-cam,1,"Massachusetts > Western MA > Rose Ledge > 02 - Main Face",3.0,-1,TR,,"Trad, TR",,40,2100
2022-05-31,"Easily Amused",5.7,,https://www.mountainproject.com/route/105966659/easily-amused,1,"New Hampshire > *Rumney > The Parking Lot Wall",1.7,-1,Lead,Onsight,Sport,,,1800
2022-05-31,Rubicon,5.10c,"Need to traverse right at crux",https://www.mountainproject.com/route/106573480/rubicon,1,"New Hampshire > *Rumney > The Parking Lot Wall",2.0,-1,Lead,Fell/Hung,Sport,,40,3200
2022-05-31,"Egg McMeadows",5.9+,,https://www.mountainproject.com/route/105962933/egg-mcmeadows,1,"New Hampshire > *Rumney > The Parking Lot Wall",2.3,-1,Lead,Onsight,Sport,,,2500
2022-05-31,"Shealyn's Way",5.7,,https://www.mountainproject.com/route/105962298/shealyns-way,1,"New Hampshire > *Rumney > The Parking Lot Wall",2.9,-1,Lead,Onsight,Sport,,,1800
2022-05-31,"Juan Valdez",5.10b,"had to rest at third clip",https://www.mountainproject.com/route/105962294/juan-valdez,1,"New Hampshire > *Rumney > The Parking Lot Wall",2.5,-1,Lead,Fell/Hung,Sport,,,2900
2022-05-21,Tennessee,5.10-,,https://www.mountainproject.com/route/105805574/tennessee,1,"Massachusetts > Western MA > Rose Ledge > 02 - Main Face",3.3,-1,TR,,"Trad, TR",,40,2700
2022-05-21,"Solar Flare","5.11b PG13",,https://www.mountainproject.com/route/106155486/solar-flare,1,"Massachusetts > Western MA > Rose Ledge > 02 - Main Face",3.3,-1,TR,,"Trad, TR",,50,4900
2022-05-21,"Beginner's (aka Easy Corner)",5.6,,https://www.mountainproject.com/route/105982725/beginners-aka-easy-corner,1,"Massachusetts > Western MA > Rose Ledge > 02 - Main Face",2.2,-1,TR,,"Trad, TR",,35,1600
2022-05-21,"Guillotine (aka Double Overhead Cam)",5.8,,https://www.mountainproject.com/route/105805587/guillotine-aka-double-overhead-cam,1,"Massachusetts > Western MA > Rose Ledge > 02 - Main Face",3.0,-1,TR,,"Trad, TR",,40,2100
2022-05-21,"Double Helix (aka Rikert's Corner)",5.9,,https://www.mountainproject.com/route/105805595/double-helix-aka-rikerts-corner,1,"Massachusetts > Western MA > Rose Ledge > 02 - Main Face",3.4,-1,TR,,"Trad, TR",,40,2400
2022-05-08,"Lonesome Dove",5.10a,"Hung at third bolt",https://www.mountainproject.com/route/105879126/lonesome-dove,1,"New Hampshire > *Rumney > Jimmy Cliff",3.6,-1,Lead,Fell/Hung,Sport,,,2600
2022-05-08,"To Love, Honor and Belay",5.9,,https://www.mountainproject.com/route/106276559/to-love-honor-and-belay,1,"New Hampshire > *Rumney > Jimmy Cliff",2.0,-1,TR,,Sport,,,2400
2022-05-08,Junco,5.8+,,https://www.mountainproject.com/route/105876683/junco,1,"New Hampshire > *Rumney > Jimmy Cliff",3.4,-1,Lead,Onsight,Sport,,80,2200
2022-05-08,"The Nuthatch",5.7,,https://www.mountainproject.com/route/105917818/the-nuthatch,1,"New Hampshire > *Rumney > Jimmy Cliff",2.5,-1,Lead,Onsight,Sport,,,1800
2022-04-23,"Green Mile",5.9,,https://www.mountainproject.com/route/106009586/green-mile,1,"New Hampshire > *Rumney > Armed and Dangerous (Main Cliff Left)",2.4,-1,TR,,Sport,,,2400
2022-04-23,"Romancing the Stone",5.10c,"had to take twice",https://www.mountainproject.com/route/105878174/romancing-the-stone,1,"New Hampshire > *Rumney > 5.8 Crag",2.9,-1,Lead,Fell/Hung,Sport,,60,3200
2022-04-23,"Romancing the Stone",5.10c,,https://www.mountainproject.com/route/105878174/romancing-the-stone,1,"New Hampshire > *Rumney > 5.8 Crag",2.9,-1,TR,,Sport,,60,3200
2022-04-23,"Romancing the Stone",5.10c,,https://www.mountainproject.com/route/105878174/romancing-the-stone,1,"New Hampshire > *Rumney > 5.8 Crag",2.9,-1,Lead,Fell/Hung,Sport,,60,3200
2022-04-23,"Snake Skin Slab",5.8,,https://www.mountainproject.com/route/105923846/snake-skin-slab,1,"New Hampshire > *Rumney > 5.8 Crag",2.4,-1,Lead,Onsight,Sport,,,2100
2021-12-12,"Beginner's (aka Easy Corner)",5.6,,https://www.mountainproject.com/route/105982725/beginners-aka-easy-corner,1,"Massachusetts > Western MA > Rose Ledge > 02 - Main Face",2.2,-1,TR,,"Trad, TR",,35,1600
2021-12-12,"Guillotine (aka Double Overhead Cam)",5.8,,https://www.mountainproject.com/route/105805587/guillotine-aka-double-overhead-cam,1,"Massachusetts > Western MA > Rose Ledge > 02 - Main Face",3.0,-1,TR,,"Trad, TR",,40,2100
2021-10-30,Cryptic,5.8,,https://www.mountainproject.com/route/105721750/cryptic,1,"California > Joshua Tree National Park > Central Joshua Tree > Sheep Pass Area > Ryan Campground > Headstone Rock",3.2,-1,TR,,Sport,,50,2100
2021-10-30,"SW Corner",5.6,,https://www.mountainproject.com/route/105721747/sw-corner,1,"California > Joshua Tree National Park > Central Joshua Tree > Sheep Pass Area > Ryan Campground > Headstone Rock",3.4,4,TR,,Sport,,50,1600
2021-10-29,"Live at Leeds",5.7,,https://www.mountainproject.com/route/116556972/live-at-leeds,1,"California > Joshua Tree National Park > Pinto Basin > Jumbo Rock Area > Jumbo Rock West > Cunning Rock, Northwest Face",2.1,-1,Lead,Onsight,Sport,,55,1800
2021-10-29,"Forty-Nine Rainbows",5.6,,https://www.mountainproject.com/route/111932675/forty-nine-rainbows,1,"California > Joshua Tree National Park > Indian Cove > Indian Cove Campground > Indian Cove CG West > Moosedog Tower",2.4,-1,Lead,Onsight,Sport,,50,1600
2021-10-28,"Peewee's Piton",5.10b,,https://www.mountainproject.com/route/105815166/peewees-piton,1,"California > Joshua Tree National Park > Hidden Valley Area > Hidden Valley Campground > Peewee Rock",2.2,-1,TR,,Sport,,60,2900
2021-10-28,"Sexy Grandma",5.9,,https://www.mountainproject.com/route/105723454/sexy-grandma,1,"California > Joshua Tree National Park > Hidden Valley Area > Hidden Valley Campground > The Old Woman > The Old Woman - West Face",2.8,-1,TR,,Sport,,80,2400
2021-08-19,"First Kiss",5.7,,https://www.mountainproject.com/route/105852652/first-kiss,5,"Oregon > Central Oregon > Smith Rock > (t) Kiss of the Lepers Buttress",3.2,-1,Follow,,Sport,,450,1800
2021-08-19,Papillion,5.8+,,https://www.mountainproject.com/route/106033085/papillion,1,"Oregon > Central Oregon > Smith Rock > (u) Red Wall",2.3,-1,Lead,Onsight,Sport,,,2200
2021-08-18,"Dances with Clams",5.10a/b,,https://www.mountainproject.com/route/105821110/dances-with-clams,1,"Oregon > Central Oregon > Smith Rock > (u) Red Wall",2.6,-1,Lead,Fell/Hung,Sport,,35,2800
2021-08-18,Rebirth,5.8,,https://www.mountainproject.com/route/109341339/rebirth,1,"Oregon > Central Oregon > Smith Rock > (k) The Dihedrals",2.9,-1,Lead,Onsight,Sport,,,2100
2021-08-18,"The Outsiders",5.9,,https://www.mountainproject.com/route/105820726/the-outsiders,1,"Oregon > Central Oregon > Smith Rock > (g) Morning Glory Wall",3.0,-1,Lead,Fell/Hung,Sport,,80,2400
2021-08-18,"5 Gallon Buckets",5.8,,https://www.mountainproject.com/route/105789060/5-gallon-buckets,1,"Oregon > Central Oregon > Smith Rock > (g) Morning Glory Wall",3.2,-1,Lead,Onsight,Sport,,60,2100
2021-05-30,Metamorphosis,5.8+,,https://www.mountainproject.com/route/105959363/metamorphosis,1,"New Hampshire > *Rumney > Armed and Dangerous (Main Cliff Left)",3.4,-1,TR,,Sport,,,2200
2021-05-30,"The Big Easy",5.7,,https://www.mountainproject.com/route/106052151/the-big-easy,1,"New Hampshire > *Rumney > Armed and Dangerous (Main Cliff Left)",2.7,-1,Follow,,Sport,,,1800
2021-05-29,"Things I Never Learned",5.9,,https://www.mountainproject.com/route/105925175/things-i-never-learned,1,"New Hampshire > *Rumney > Jimmy Cliff",2.3,-1,TR,,Sport,,,2400
2021-05-29,"Things You Should Have Learned in Kindergarten",5.6,,https://www.mountainproject.com/route/105925163/things-you-should-have-learned-in-kindergarten,1,"New Hampshire > *Rumney > Jimmy Cliff",2.0,-1,TR,,Sport,,,1600
2021-05-01,"Toe Jams",5.5,,https://www.mountainproject.com/route/106282211/toe-jams,1,"Massachusetts > North Shore > Cape Ann > Redrocks and Vicinity > Red Rock Main Area",2.6,-1,TR,,"Trad, TR",,40,1500
2021-05-01,Zipper,5.6,,https://www.mountainproject.com/route/105909226/zipper,1,"Massachusetts > North Shore > Cape Ann > Redrocks and Vicinity > Red Rock Main Area",3.5,-1,TR,,"Trad, TR",,45,1600
2021-05-01,Chimney,5.6,,https://www.mountainproject.com/route/107432097/chimney,1,"Massachusetts > North Shore > Cape Ann > Redrocks and Vicinity > Red Rock Main Area",2.2,-1,TR,,"Trad, TR",,45,1600
